-- phpMyAdmin SQL Dump
-- version 5.1.1
-- https://www.phpmyadmin.net/
--
-- Máy chủ: 127.0.0.1
-- Thời gian đã tạo: Th12 11, 2021 lúc 05:54 AM
-- Phiên bản máy phục vụ: 10.4.21-MariaDB
-- Phiên bản PHP: 8.0.10

SET SQL_MODE = "NO_AUTO_VALUE_ON_ZERO";
START TRANSACTION;
SET time_zone = "+00:00";


/*!40101 SET @OLD_CHARACTER_SET_CLIENT=@@CHARACTER_SET_CLIENT */;
/*!40101 SET @OLD_CHARACTER_SET_RESULTS=@@CHARACTER_SET_RESULTS */;
/*!40101 SET @OLD_COLLATION_CONNECTION=@@COLLATION_CONNECTION */;
/*!40101 SET NAMES utf8mb4 */;

--
-- Cơ sở dữ liệu: `web_bancaycanh`
--

-- --------------------------------------------------------

--
-- Cấu trúc bảng cho bảng `admin`
--

CREATE TABLE `admin` (
  `id` int(11) NOT NULL,
  `username` varchar(20) COLLATE utf8mb4_unicode_ci NOT NULL,
  `password` varchar(20) COLLATE utf8mb4_unicode_ci NOT NULL,
  `email` varchar(20) COLLATE utf8mb4_unicode_ci NOT NULL
) ENGINE=InnoDB DEFAULT CHARSET=utf8mb4 COLLATE=utf8mb4_unicode_ci;

--
-- Đang đổ dữ liệu cho bảng `admin`
--

INSERT INTO `admin` (`id`, `username`, `password`, `email`) VALUES
(1, 'NhungHoang', '2425672000', 'nhunghoang250700@gma');

-- --------------------------------------------------------

--
-- Cấu trúc bảng cho bảng `banner`
--

CREATE TABLE `banner` (
  `id_banner` int(11) NOT NULL,
  `name_banner` varchar(50) COLLATE utf8mb4_unicode_ci NOT NULL,
  `image_banner` varchar(500) COLLATE utf8mb4_unicode_ci DEFAULT NULL,
  `caption_banner` varchar(200) COLLATE utf8mb4_unicode_ci DEFAULT NULL,
  `active_banner` varchar(50) COLLATE utf8mb4_unicode_ci NOT NULL
) ENGINE=InnoDB DEFAULT CHARSET=utf8mb4 COLLATE=utf8mb4_unicode_ci;

--
-- Đang đổ dữ liệu cho bảng `banner`
--

INSERT INTO `banner` (`id_banner`, `name_banner`, `image_banner`, `caption_banner`, `active_banner`) VALUES
(1, 'Cây trong nhà', 'bia-10.jpg', '', '1'),
(2, 'Sen đá', 'bannersen.jpg', '', '1'),
(3, 'Xương rồng', '7a692fe147eda436ac377c755f1e8a20.jpg', '', '1');

-- --------------------------------------------------------

--
-- Cấu trúc bảng cho bảng `cart`
--

CREATE TABLE `cart` (
  `cartId` int(11) NOT NULL,
  `productCode` int(11) NOT NULL,
  `productQuantity` int(11) NOT NULL,
  `customerNumber` int(11) NOT NULL
) ENGINE=InnoDB DEFAULT CHARSET=utf8mb4 COLLATE=utf8mb4_unicode_ci;

--
-- Đang đổ dữ liệu cho bảng `cart`
--

INSERT INTO `cart` (`cartId`, `productCode`, `productQuantity`, `customerNumber`) VALUES
(111, 9, 1, 1),
(112, 32, 12, 1),
(116, 14, 1, 1),
(117, 52, 1, 1),
(118, 55, 1, 1);

-- --------------------------------------------------------

--
-- Cấu trúc bảng cho bảng `category`
--

CREATE TABLE `category` (
  `id_category` int(11) NOT NULL,
  `name_category` varchar(50) COLLATE utf8mb4_unicode_ci NOT NULL,
  `image_category` varchar(500) COLLATE utf8mb4_unicode_ci DEFAULT NULL,
  `description` varchar(50) COLLATE utf8mb4_unicode_ci DEFAULT NULL
) ENGINE=InnoDB DEFAULT CHARSET=utf8mb4 COLLATE=utf8mb4_unicode_ci;

--
-- Đang đổ dữ liệu cho bảng `category`
--

INSERT INTO `category` (`id_category`, `name_category`, `image_category`, `description`) VALUES
(35, 'Hiểu biết về nhóm cây', 'hieu.jpg', ''),
(36, 'Ý nghĩa', 'ynghia.jpg', ''),
(37, 'Phong thủy', 'phongthuy.jpg', ''),
(38, 'Chăm sóc', 'chamsoc.jpg', ''),
(39, 'Cách trồng', 'cachtrong.jpg', '');

-- --------------------------------------------------------

--
-- Cấu trúc bảng cho bảng `contacts`
--

CREATE TABLE `contacts` (
  `contactId` int(11) NOT NULL,
  `contactName` varchar(50) COLLATE utf8mb4_unicode_ci NOT NULL,
  `contactAddress` varchar(50) COLLATE utf8mb4_unicode_ci NOT NULL,
  `contactPhone` varchar(10) COLLATE utf8mb4_unicode_ci NOT NULL,
  `contactEmail` varchar(50) COLLATE utf8mb4_unicode_ci NOT NULL,
  `contacsTaxCode` varchar(10) COLLATE utf8mb4_unicode_ci NOT NULL,
  `contactMap` varchar(200) COLLATE utf8mb4_unicode_ci DEFAULT NULL
) ENGINE=InnoDB DEFAULT CHARSET=utf8mb4 COLLATE=utf8mb4_unicode_ci;

--
-- Đang đổ dữ liệu cho bảng `contacts`
--

INSERT INTO `contacts` (`contactId`, `contactName`, `contactAddress`, `contactPhone`, `contactEmail`, `contacsTaxCode`, `contactMap`) VALUES
(2, 'CTK42', 'Đà lạt', '0392849682', 'mocstore@gmail.com', '123456789', '<iframe src=\"https://www.google.com/maps/embed?pb=!1m18!1m12!1m3!1d124928.5450884489!2d108.38068209455965!3d11.903902209401883!2m3!1f0!2f0!3f0!3m2!1i1024!2i768!4f13.1!3m3!1m2!1s0x3171133a1cf5f805%3A0x');

-- --------------------------------------------------------

--
-- Cấu trúc bảng cho bảng `customerorders`
--

CREATE TABLE `customerorders` (
  `id_customerorder` int(11) NOT NULL,
  `firstName` varchar(50) COLLATE utf8mb4_unicode_ci NOT NULL,
  `lastName` varchar(50) COLLATE utf8mb4_unicode_ci DEFAULT NULL,
  `phone` varchar(10) COLLATE utf8mb4_unicode_ci NOT NULL,
  `address` varchar(100) COLLATE utf8mb4_unicode_ci NOT NULL,
  `customerNumber` int(11) NOT NULL
) ENGINE=InnoDB DEFAULT CHARSET=utf8mb4 COLLATE=utf8mb4_unicode_ci;

--
-- Đang đổ dữ liệu cho bảng `customerorders`
--

INSERT INTO `customerorders` (`id_customerorder`, `firstName`, `lastName`, `phone`, `address`, `customerNumber`) VALUES
(33, 'Hoàng Thị Hồng', 'Nhung', '0392849682', 'Yên Nhân - Yên Mô - Ninh Bình\r\n', 1);

-- --------------------------------------------------------

--
-- Cấu trúc bảng cho bảng `customers`
--

CREATE TABLE `customers` (
  `customerNumber` int(11) NOT NULL,
  `customerName` varchar(50) COLLATE utf8mb4_unicode_ci NOT NULL,
  `password` varchar(50) COLLATE utf8mb4_unicode_ci NOT NULL,
  `email` varchar(50) COLLATE utf8mb4_unicode_ci NOT NULL
) ENGINE=InnoDB DEFAULT CHARSET=utf8mb4 COLLATE=utf8mb4_unicode_ci;

--
-- Đang đổ dữ liệu cho bảng `customers`
--

INSERT INTO `customers` (`customerNumber`, `customerName`, `password`, `email`) VALUES
(1, 'Hoàng Thị Hồng Nhung', '2425672000', 'nhunghtctk42@gmail.com');

-- --------------------------------------------------------

--
-- Cấu trúc bảng cho bảng `employees`
--

CREATE TABLE `employees` (
  `employeeNumber` varchar(10) COLLATE utf8mb4_unicode_ci NOT NULL,
  `lastName` varchar(50) COLLATE utf8mb4_unicode_ci NOT NULL,
  `firstName` varchar(50) COLLATE utf8mb4_unicode_ci NOT NULL,
  `dateOfBirth` date NOT NULL,
  `sex` varchar(10) COLLATE utf8mb4_unicode_ci NOT NULL,
  `address` varchar(50) COLLATE utf8mb4_unicode_ci NOT NULL,
  `email` varchar(50) COLLATE utf8mb4_unicode_ci DEFAULT NULL,
  `phone` varchar(10) COLLATE utf8mb4_unicode_ci NOT NULL,
  `workingDay` date NOT NULL,
  `jobTitle` varchar(50) COLLATE utf8mb4_unicode_ci NOT NULL
) ENGINE=InnoDB DEFAULT CHARSET=utf8mb4 COLLATE=utf8mb4_unicode_ci;

-- --------------------------------------------------------

--
-- Cấu trúc bảng cho bảng `newpost`
--

CREATE TABLE `newpost` (
  `id_post` int(11) NOT NULL,
  `name_post` varchar(50) COLLATE utf8mb4_unicode_ci NOT NULL,
  `image_post` varchar(500) COLLATE utf8mb4_unicode_ci DEFAULT NULL,
  `summery_post` mediumtext COLLATE utf8mb4_unicode_ci DEFAULT NULL,
  `content_post` longtext COLLATE utf8mb4_unicode_ci DEFAULT NULL,
  `id_category` int(11) NOT NULL,
  `status_display_post` varchar(50) COLLATE utf8mb4_unicode_ci NOT NULL,
  `date_post` timestamp NOT NULL DEFAULT current_timestamp() ON UPDATE current_timestamp(),
  `productLineCode` varchar(50) COLLATE utf8mb4_unicode_ci DEFAULT NULL
) ENGINE=InnoDB DEFAULT CHARSET=utf8mb4 COLLATE=utf8mb4_unicode_ci;

--
-- Đang đổ dữ liệu cho bảng `newpost`
--

INSERT INTO `newpost` (`id_post`, `name_post`, `image_post`, `summery_post`, `content_post`, `id_category`, `status_display_post`, `date_post`, `productLineCode`) VALUES
(93, 'Giới thiệu về cây sen đá', 'sen.jpg', '<p>C&acirc;y sen đ&aacute;&nbsp;hay c&ograve;n gọi l&agrave;&nbsp;Li&ecirc;n đ&agrave;i,&nbsp;hoa đ&aacute;&nbsp;(T&ecirc;n tiếng Anh l&agrave;&nbsp;Succulent)&nbsp;l&agrave; lo&agrave;i rất dễ sống, ph&aacute;t triển chậm v&agrave; sống l&acirc;u, kh&ocirc;ng đ&ograve;i hỏi được chăm s&oacute;c thường xuy&ecirc;n.</p>\r\n', '<p><strong>C&acirc;y sen đ&aacute;</strong>&nbsp;hay c&ograve;n gọi l&agrave;&nbsp;<strong>Li&ecirc;n đ&agrave;i</strong>,<strong>&nbsp;hoa đ&aacute;&nbsp;</strong>(T&ecirc;n tiếng Anh l&agrave;<strong>&nbsp;Succulent</strong>)&nbsp;l&agrave; lo&agrave;i rất dễ sống, ph&aacute;t triển chậm v&agrave; sống l&acirc;u, kh&ocirc;ng đ&ograve;i hỏi được chăm s&oacute;c thường xuy&ecirc;n.&nbsp;Sen đ&aacute; l&agrave; giống c&acirc;y&nbsp;nhỏ, gần như kh&ocirc;ng c&oacute; th&acirc;n m&agrave; chỉ thấy l&aacute;, l&agrave; giống c&acirc;y mọng nước v&agrave; đặc biệt l&aacute; thường xếp th&agrave;nh h&igrave;nh như những b&ocirc;ng hoa, nhất l&agrave; hoa sen. Lo&agrave;i c&acirc;y n&agrave;y ưa&nbsp;mọc tr&ecirc;n đ&aacute;, sỏi, nhưng nơi kh&ocirc; cằn n&ecirc;n mới được gọi l&agrave;&nbsp;<strong>hoa sen đ&aacute;</strong>.&nbsp; B&ecirc;n cạnh đ&oacute;, hoa sen đ&aacute; rất dễ trồng, n&oacute; c&oacute; thể th&iacute;ch nghi với mọi loại kh&iacute; hậu, mọi địa h&igrave;nh v&agrave; sống quanh năm, khi l&aacute; rụng c&oacute; thể nảy chồi từ đ&oacute; v&agrave; mọc l&ecirc;n c&acirc;y mới. Ch&iacute;nh v&igrave; thế&nbsp;<strong>c&acirc;y sen đ&aacute;</strong>&nbsp;mang &yacute; nghĩa về một&nbsp;<strong>t&igrave;nh y&ecirc;u bền chặt</strong>, trọn đời, vĩnh cửu kh&ocirc;ng thay đổi...&nbsp;</p>\r\n\r\n<p><strong>C&acirc;y sen đ&aacute;</strong>&nbsp;l&agrave; d&ograve;ng thực vật mọng nước (<strong>Succulent plant</strong>) thuộc chi&nbsp;<strong>Echeveria</strong>&nbsp;họ thuốc bỏng (Crassulaceae). Ước t&iacute;nh c&oacute; khoảng 60 họ sen đ&aacute; kh&aacute;c nhau với&nbsp;gần 400&nbsp;lo&agrave;i, trong đ&oacute; hơn 90% ph&acirc;n bố chủ yếu ở v&ugrave;ng n&oacute;ng gần x&iacute;ch đạo&nbsp;<strong>Mexico</strong>,&nbsp;<strong>Nam&nbsp;Mỹ</strong>,&nbsp;<strong>ch&acirc;u &Uacute;c</strong>&nbsp;v&agrave;&nbsp;<strong>ch&acirc;u Phi</strong>.&nbsp;</p>\r\n\r\n<p>Tại Việt Nam,&nbsp;<strong>sen đ&aacute;</strong>&nbsp;rất được ưa chuộng bởi đ&acirc;y l&agrave; loại c&acirc;y mới lạ c&oacute; kỹ thuật trồng đơn giản v&agrave; dễ chăm s&oacute;c.&nbsp;<strong>Sen đ&aacute;</strong>&nbsp;c&oacute; thể dễ d&agrave;ng bố tr&iacute; kết hợp với rất nhiều loại vật liệu chứa kh&aacute;c nhau để trở th&agrave;nh&nbsp;<strong>vật trang tr&iacute; trong nh&agrave;</strong>&nbsp;như: B&igrave;nh hoa tiểu cảnh thủy sinh, Tranh sen đ&aacute; treo tường, lọ sen đ&aacute; mini trang tr&iacute; b&agrave;n l&agrave;m việc...</p>\r\n\r\n<p>L&aacute;&nbsp;<strong>c&acirc;y sen đ&aacute;</strong>&nbsp;nhỏ mọng nước, xếp v&ograve;ng tr&ograve;n quanh t&acirc;m th&agrave;nh hoa như hoa sen, tr&ocirc;ng rất đẹp v&agrave; xinh xắn. Khi đ&oacute;n nhiều nắng, l&aacute; c&acirc;y chuyển m&agrave;u n&acirc;u đỏ thậm ch&iacute; m&agrave;u t&iacute;m biếc, c&oacute; lẽ ch&iacute;nh v&igrave; thế m&agrave; khi được nhập về Việt Nam, c&acirc;y được gọi ngay&nbsp;l&agrave;&nbsp;<strong>hoa&nbsp;sen đ&aacute;</strong>.</p>\r\n\r\n<p><strong>Sen đ&aacute;</strong>&nbsp;l&agrave; lo&agrave;i&nbsp;<strong>c&acirc;y ưa nắng</strong>, thường sống ở c&aacute;c&nbsp;<strong>v&ugrave;ng đất kh&ocirc; cằn</strong>, thiếu chất dinh dưỡng v&agrave; kh&ocirc; n&oacute;ng như sa mạc, v&ugrave;ng n&uacute;i đ&aacute;. L&aacute; c&acirc;y d&agrave;y, mọng ch&iacute;nh l&agrave; để t&iacute;ch nước duy tri sự sống qua những ng&agrave;y hạn k&eacute;o d&agrave;i.</p>\r\n', 35, '1', '2021-12-09 16:45:58', '2_CCSD'),
(94, 'Giới thiệu về xương rồng', '7a692fe147eda436ac377c755f1e8a20.jpg', '<p>Họ Xương rồng&nbsp;(danh ph&aacute;p khoa học:&nbsp;Cactaceae) thường l&agrave; c&aacute;c lo&agrave;i c&acirc;y mọng nước hai l&aacute; mầm v&agrave; c&oacute; hoa. Họ Cactaceae c&oacute; từ 25 đến 220 chi, t&ugrave;y theo nguồn (90 chi phổ biến nhất), trong đ&oacute; c&oacute; từ 1.500 đến 1.800 lo&agrave;i.</p>\r\n', '<p>Xương rồng l&agrave; một lo&agrave;i thực vật mọng nước, c&oacute; nhiều dạng ph&aacute;t triển: th&agrave;nh c&acirc;y lớn, th&agrave;nh bụi hoặc phủ s&aacute;t mặt đất. Đa số c&aacute;c lo&agrave;i xương rồng đều mọc v&agrave; ph&aacute;t triển từ đất, nhưng cũng c&oacute; rất nhiều lo&agrave;i k&yacute; sinh tr&ecirc;n c&aacute;c lo&agrave;i c&acirc;y kh&aacute;c để ph&aacute;t triển. Phần lớn xương rồng, trừ nh&aacute;nh&nbsp;<a href=\"https://vi.wikipedia.org/w/index.php?title=Pereskioideae&amp;action=edit&amp;redlink=1\">Pereskioideae</a>&nbsp;ph&acirc;n loại dưới-họ (xem ảnh b&ecirc;n), c&oacute; l&aacute; ti&ecirc;u biến rất đ&aacute;ng kể. C&aacute;nh hoa ph&acirc;n bố đồng đều v&agrave; đồng t&acirc;m, hoa đa phần l&agrave; lưỡng t&iacute;nh, nở v&agrave;o cả s&aacute;ng v&agrave; tối tuỳ theo lo&agrave;i. H&igrave;nh dạng thay đổi từ dạng-phễu qua dạng-chu&ocirc;ng v&agrave; tới dạng-tr&ograve;n-phẳng, k&iacute;ch thước trong khoảng từ 0,2 đến 15&ndash;30&nbsp;cm. Phần lớn c&oacute; đ&agrave;i hoa (từ 5-50 c&aacute;i hoặc hơn), thay đổi dạng từ ngo&agrave;i v&agrave;o trong, từ&nbsp;<a href=\"https://vi.wikipedia.org/w/index.php?title=L%C3%A1_b%E1%BA%AFc&amp;action=edit&amp;redlink=1\">l&aacute; bắc</a><a href=\"https://vi.wikipedia.org/wiki/H%E1%BB%8D_X%C6%B0%C6%A1ng_r%E1%BB%93ng#cite_note-3\">[3]</a>&nbsp;đến&nbsp;<a href=\"https://vi.wikipedia.org/wiki/C%C3%A1nh_hoa\">c&aacute;nh hoa</a>. Số lượng nhị rất lớn, từ 50 đến 1.500 (hiếm khi &iacute;t hơn). Gần như tất cả c&aacute;c lo&agrave;i xương rồng c&oacute; vị đắng, thi thoảng b&ecirc;n trong c&ograve;n c&oacute; nhựa đục. Một tr&aacute;i xương rồng chứa khoảng 3.000 hạt, mỗi hạt d&agrave;i 0,4-12mm.<a href=\"https://vi.wikipedia.org/wiki/H%E1%BB%8D_X%C6%B0%C6%A1ng_r%E1%BB%93ng#cite_note-4\">[4]</a></p>\r\n\r\n<p>Hoa xương rồng ở&nbsp;<strong>Vườn thực vật&nbsp;<em>Bay Area</em></strong></p>\r\n\r\n<p>Trung b&igrave;nh, một c&acirc;y xương rồng sống rất l&acirc;u, tới hơn 300 năm, v&agrave; cũng c&oacute; lo&agrave;i chỉ sống 25 năm. Lo&agrave;i xương rồng&nbsp;<strong>Saguaro</strong>&nbsp;(<em><a href=\"https://vi.wikipedia.org/wiki/Carnegiea_gigantea\">Carnegiea gigantea</a></em>) c&oacute; thể cao tới 15m (kỉ lục đo được l&agrave; 17m67, trong khi đ&oacute; 10 năm đầu n&oacute; chỉ cao 10&nbsp;cm. C&acirc;y xương rồng &quot;Gối b&ocirc;ng của mẹ chồng&quot; (&quot;mother-in-law&#39;s cushion&quot;,&nbsp;<em><a href=\"https://vi.wikipedia.org/wiki/Echinocactus_grusonii\">Echinocactus grusonii</a></em>) nhỏ nhất ở&nbsp;<a href=\"https://vi.wikipedia.org/wiki/Qu%E1%BA%A7n_%C4%91%E1%BA%A3o_Canaria\">quần đảo Canaria</a>&nbsp;cao 2m50 v&agrave; đường k&iacute;nh l&agrave; 1m, cho b&ocirc;ng mỗi 6 năm. Đường k&iacute;nh hoa xương rồng khoảng 5&ndash;30&nbsp;cm m&agrave;u sắc rất sặc sỡ, lộng lẫy.</p>\r\n', 35, '1', '2021-12-09 16:49:51', '3_SRC'),
(95, 'Giới thiệu về cây cảnh trong nhà', 'cay-xanh-trong-trang-tri-thiet-ke-nha-pho-hien-dai-cay-xanh-gop-phan-dieu-hoa-khong-khi-cho-khong-gian-song.jpg', '<p>C&acirc;y cảnh (hoặc c&acirc;y kiểng)&nbsp;l&agrave; một số loại thực vật được chăm s&oacute;c, gieo trồng v&agrave; tạo d&aacute;ng c&ocirc;ng phu, thường d&ugrave;ng l&agrave;m vật trang tr&iacute; hay một chi tiết trong thuật phong thủy. Kiến tr&uacute;c v&agrave; kh&ocirc;ng gian trong nh&agrave; sẽ bị th&ocirc; nếu kh&ocirc;ng c&oacute; sự g&oacute;p mặt của c&acirc;y xanh.</p>\r\n', '<p>C&acirc;y cảnh (hoặc c&acirc;y kiểng)&nbsp;l&agrave; một số loại thực vật được chăm s&oacute;c, gieo trồng v&agrave; tạo d&aacute;ng c&ocirc;ng phu, thường d&ugrave;ng l&agrave;m vật trang tr&iacute; hay một chi tiết trong thuật phong thủy. Kiến tr&uacute;c v&agrave; kh&ocirc;ng gian trong nh&agrave; sẽ bị th&ocirc; nếu kh&ocirc;ng c&oacute; sự g&oacute;p mặt của c&acirc;y xanh. Tuy nhi&ecirc;n, kh&ocirc;ng phải loại c&acirc;y n&agrave;o cũng ph&ugrave; hợp.C&oacute; rất nhiều c&aacute;c loại c&acirc;y nội thất m&agrave; bạn c&oacute; thể lựa chọn trang tr&iacute; trong nh&agrave; t&ugrave;y v&agrave;o điều kiện kinh ph&iacute;, kh&ocirc;ng gian, phong thủy, vị tr&iacute;&hellip; Đến với vựa c&acirc;y kiểng,&nbsp;Biển V&agrave;ng Luxury&nbsp;xin giới thiệu đến bạn top &nbsp;loại c&acirc;y cảnh nội thất trong nh&agrave;, vừa gi&uacute;p cho kh&ocirc;ng gian sống trở n&ecirc;n gần gũi với thi&ecirc;n nhi&ecirc;n hơn, m&agrave; c&ograve;n mang đến những gi&aacute; trị phong thủy&nbsp; t&agrave;i lộc cho gia đinh bạn.</p>\r\n', 35, '1', '2021-12-09 16:43:35', '1_CCTN');

-- --------------------------------------------------------

--
-- Cấu trúc bảng cho bảng `orderdetails`
--

CREATE TABLE `orderdetails` (
  `orderNumber` int(11) NOT NULL,
  `productCode` int(11) NOT NULL,
  `quantityOrder` int(11) NOT NULL
) ENGINE=InnoDB DEFAULT CHARSET=utf8mb4 COLLATE=utf8mb4_unicode_ci;

--
-- Đang đổ dữ liệu cho bảng `orderdetails`
--

INSERT INTO `orderdetails` (`orderNumber`, `productCode`, `quantityOrder`) VALUES
(21, 9, 1);

-- --------------------------------------------------------

--
-- Cấu trúc bảng cho bảng `orders`
--

CREATE TABLE `orders` (
  `orderNumber` int(11) NOT NULL,
  `orderDate` timestamp NOT NULL DEFAULT current_timestamp() ON UPDATE current_timestamp(),
  `status` varchar(50) COLLATE utf8mb4_unicode_ci NOT NULL DEFAULT '0',
  `comment` varchar(500) COLLATE utf8mb4_unicode_ci DEFAULT NULL,
  `id_customerorder` int(11) NOT NULL
) ENGINE=InnoDB DEFAULT CHARSET=utf8mb4 COLLATE=utf8mb4_unicode_ci;

--
-- Đang đổ dữ liệu cho bảng `orders`
--

INSERT INTO `orders` (`orderNumber`, `orderDate`, `status`, `comment`, `id_customerorder`) VALUES
(21, '2021-12-08 08:10:54', '0', '', 33);

-- --------------------------------------------------------

--
-- Cấu trúc bảng cho bảng `productlines`
--

CREATE TABLE `productlines` (
  `productLineCode` varchar(10) COLLATE utf8mb4_unicode_ci NOT NULL,
  `productLineName` varchar(50) COLLATE utf8mb4_unicode_ci NOT NULL,
  `productLineImage` varchar(500) COLLATE utf8mb4_unicode_ci DEFAULT NULL,
  `productLineDecription` varchar(50) COLLATE utf8mb4_unicode_ci DEFAULT NULL
) ENGINE=InnoDB DEFAULT CHARSET=utf8mb4 COLLATE=utf8mb4_unicode_ci;

--
-- Đang đổ dữ liệu cho bảng `productlines`
--

INSERT INTO `productlines` (`productLineCode`, `productLineName`, `productLineImage`, `productLineDecription`) VALUES
('1_CCTN', 'Cây cảnh trong nhà', 'bia-10.jpg', 'Loại cây thích hợp trồng trong nhà'),
('2_CCSD', 'Cây cảnh sen đá', 'cach-trong-sen-da-va-y-nghia-sen-da-bb-baaacoCR60.jpg', 'Cây hoa sen đá còn được gọi là hoa đá, liên đài...'),
('3_SRC', 'Xương rồng cảnh', '7a692fe147eda436ac377c755f1e8a20.jpg', 'Thực vật mọng nước, hai lá mầm và có hoa\r\n'),
('4_CC', 'Chậu cây', 'chau.jpg', '');

-- --------------------------------------------------------

--
-- Cấu trúc bảng cho bảng `products`
--

CREATE TABLE `products` (
  `productCode` int(11) NOT NULL,
  `productImage` varchar(500) COLLATE utf8mb4_unicode_ci DEFAULT NULL,
  `productName` varchar(50) COLLATE utf8mb4_unicode_ci NOT NULL,
  `productLineCode` varchar(10) COLLATE utf8mb4_unicode_ci NOT NULL,
  `Unit` varchar(20) COLLATE utf8mb4_unicode_ci NOT NULL,
  `Size` varchar(20) COLLATE utf8mb4_unicode_ci DEFAULT NULL,
  `productVender` varchar(50) COLLATE utf8mb4_unicode_ci NOT NULL,
  `productDecription` varchar(5000) COLLATE utf8mb4_unicode_ci DEFAULT NULL,
  `quantityEntered` smallint(6) NOT NULL,
  `quantitySold` smallint(6) DEFAULT NULL,
  `quantityInStock` smallint(6) DEFAULT NULL,
  `buyPrice` smallint(6) NOT NULL,
  `status` varchar(50) COLLATE utf8mb4_unicode_ci NOT NULL
) ENGINE=InnoDB DEFAULT CHARSET=utf8mb4 COLLATE=utf8mb4_unicode_ci;

--
-- Đang đổ dữ liệu cho bảng `products`
--

INSERT INTO `products` (`productCode`, `productImage`, `productName`, `productLineCode`, `Unit`, `Size`, `productVender`, `productDecription`, `quantityEntered`, `quantitySold`, `quantityInStock`, `buyPrice`, `status`) VALUES
(1, 'sennhungvientrang.jpg', 'Sen nhung viền đen', '2_CCSD', 'Cây', '3-5cm', 'Đà Lạt', '<p>Sen Đ&aacute; Nhung Viền Đen (t&ecirc;n khoa học:&nbsp;<em>Kalanchoe tomentosa &lsquo;Chocolate Soldier&rsquo;</em>) c&oacute; nguồn gốc từ Mexico. C&acirc;y c&oacute; l&aacute; tương đối d&agrave;y v&agrave; được bao phủ bởi một lớp l&ocirc;ng mỏng, xung quanh l&aacute; c&oacute; viền m&agrave;u n&acirc;u đen. V&igrave; vậy n&ecirc;n ch&uacute;ng được gọi l&agrave; Sen Đ&aacute; Nhung Viền Đen.</p>\r\n\r\n<p>Loại sen đ&aacute; n&agrave;y c&oacute; hoa m&agrave;u v&agrave;ng, h&igrave;nh chu&ocirc;ng, thường nở v&agrave;o th&aacute;ng 4 đến th&aacute;ng 6 hằng năm. C&agrave;nh c&acirc;y nhỏ v&agrave; ph&acirc;n nh&aacute;nh ở gốc. C&acirc;y thường mọc th&agrave;nh những bụi nhỏ cao khoảng 35-45cm.</p>\r\n\r\n<h2>&Yacute; nghĩa của c&acirc;y</h2>\r\n\r\n<p>Sen Đ&aacute; Nhung Viền Đen tượng trưng cho l&ograve;ng son sắt trong t&igrave;nh bạn, t&igrave;nh y&ecirc;u, kh&ocirc;ng thay đổi theo thời gian. Từ sức sống của sen đ&aacute;, người ta thường quan niệm rằng mọi chuyện đều c&oacute; thể vượt qua miễn l&agrave; con người biết ki&ecirc;n nhẫn v&agrave; dũng cảm đối diện.&nbsp;V&igrave; vậy h&atilde;y lu&ocirc;n tin tưởng v&agrave;o cuộc sống, mạnh mẽ vươn l&ecirc;n.</p>\r\n\r\n<p>Trong phong thủy c&acirc;y c&ograve;n tượng trưng cho sự may mắn, t&agrave;i lộc. Đặt c&acirc;y tr&ecirc;n b&agrave;n l&agrave;m việc gi&uacute;p cho sự nghiệp thăng tiến, thuận lợi. B&ecirc;n cạnh đ&oacute;, c&acirc;y mang lại kh&ocirc;ng gian tươi m&aacute;t cho ng&ocirc;i nh&agrave; của bạn, xua tan phiền muộn lo toan trong đời sống.</p>\r\n\r\n<h2>C&aacute;ch chăm s&oacute;c c&acirc;y</h2>\r\n\r\n<p>Sen đ&aacute; c&oacute; những đặc t&iacute;nh gần giống với họ xương rồng. Ch&uacute;ng đều l&agrave; những c&acirc;y ưa hạn, sinh trưởng v&agrave; ph&aacute;t triển tốt trong điều kiện m&ocirc;i trường khắc nghiệt. Do đ&oacute; bạn sẽ kh&ocirc;ng mất qu&aacute; nhiều thời gian v&agrave; c&ocirc;ng sức để chăm s&oacute;c.</p>\r\n', 30, 0, 30, 10, '1'),
(2, 'sennau.jpg', 'Sen nâu', '2_CCSD', 'Cây', '5-10cm', 'Đà Lạt', '', 20, 0, 20, 20, '1'),
(4, 'senvienlua.jpg', 'Sen đá viền lửa', '2_CCSD', 'Cây', '5-10cm', 'Đà Lạt', '', 30, 0, 30, 30, '1'),
(5, 'mongcop.jpg', 'Xương rồng móng cọp', '3_SRC', 'Cây', '5-10cm', 'Đà Lạt', '', 30, 0, 30, 15, '1'),
(6, 'trangnguyen.jpg', 'Xương rồng trạng nguyên', '3_SRC', 'Cây', '10-15cm', 'Đà Lạt', '', 50, 0, 50, 20, '1'),
(9, 'bachdan.jpg', 'Cây bạch đàn', '1_CCTN', 'Cây', '30-50cm', 'Đà Lạt', '<p><strong>Giới thiệu c&acirc;y Bạch Đ&agrave;n</strong></p>\r\n\r\n<ul>\r\n	<li>T&ecirc;n kh&aacute;c: c&acirc;y khuynh điệp</li>\r\n	<li>T&ecirc;n Tiếng Anh: Eucalyptus</li>\r\n	<li>T&ecirc;n khoa học: Aromadendron Andrews ex Steud</li>\r\n	<li>Họ: Myrtus</li>\r\n	<li>Xuất xứ: Australia</li>\r\n</ul>\r\n\r\n<p><strong>Đặc điểm</strong></p>\r\n\r\n<ul>\r\n	<li>C&acirc;y bạch đ&agrave;n (Eucalyptus) l&agrave; loại gỗ to, chiều cao từ 5 &ndash; 30m, c&oacute; vỏ c&acirc;y bạch đ&agrave;n mềm, lớp vỏ c&oacute; thể bong th&agrave;nh c&aacute;c mảng lớn lộ vỏ trắng s&aacute;ng b&ecirc;n trong lớp vỏ sần s&ugrave;i.</li>\r\n	<li>Th&acirc;n c&acirc;y bạch đ&agrave;n thẳng tắp, t&aacute;n l&aacute; thưa thớt, mọc chủ yếu ở phần ngọn đỉnh của c&acirc;y, c&aacute;c c&agrave;nh non c&oacute; 4 cạnh, l&aacute; non mọc đối xứng kh&ocirc;ng c&oacute; cuống.</li>\r\n	<li>L&aacute; c&acirc;y bạch đ&agrave;n c&oacute; h&igrave;nh mũi gi&aacute;o hoặc h&igrave;nh lưỡi liềm, cuống ngắn mọc đối xứng nhau tr&ecirc;n c&aacute;c c&agrave;nh non. Hai mặt l&aacute; đều c&oacute; m&agrave;u xanh pha v&agrave;ng, g&acirc;n giữa nổi, v&agrave; gặp nhau ở m&eacute;p l&aacute;. Hoa bạch đ&agrave;n mọc ở n&aacute;ch l&aacute;, c&oacute; m&agrave;u trắng, quả c&oacute; h&igrave;nh ch&eacute;n.</li>\r\n</ul>\r\n\r\n<p><strong>&Yacute; nghĩa phong thủy</strong></p>\r\n\r\n<ul>\r\n	<li>L&agrave; một biểu tượng của sức mạnh, khả năng l&atilde;nh đạo, l&agrave; biểu tượng của sự sinh tồn</li>\r\n	<li>Ngo&agrave;i việc gia tăng gi&aacute; trị thẩm mỹ cho kh&ocirc;ng gian sống v&agrave; ph&ugrave; hợp với bố cục căn ph&ograve;ng, ch&uacute;ng c&ograve;n mang rất nhiều &yacute; nghĩa s&acirc;u sắc</li>\r\n</ul>\r\n\r\n<p><strong>C&ocirc;ng dụng</strong></p>\r\n\r\n<ul>\r\n	<li>C&oacute; nhiều t&aacute;c dụng trong y học, l&agrave;m tinh dầu, l&agrave;m đồ nội thất</li>\r\n	<li>C&acirc;y bạch đ&agrave;n cũng c&oacute; khả năng chống lại c&ocirc;n tr&ugrave;ng trong m&ocirc;i trường nơi ch&uacute;ng sinh trưởng, ch&uacute;ng c&oacute; thể ph&aacute; hủy m&ocirc;i trường sống của muỗi v&agrave; điều n&agrave;y gi&uacute;p giữ an to&agrave;n cho m&ocirc;i trường của ch&uacute;ng ta khỏi lo&agrave;i c&ocirc;n tr&ugrave;ng nguy hiểm n&agrave;y</li>\r\n</ul>\r\n\r\n<p><strong>C&aacute;ch trồng</strong></p>\r\n\r\n<ul>\r\n	<li>&Aacute;nh s&aacute;ng: th&iacute;ch hợp &aacute;nh s&aacute;ng ngo&agrave;i trời</li>\r\n	<li>Nhiệt độ: c&oacute; thể chịu được thời tiết khắc nghiệt nhưng để sinh trưởng tốt n&ecirc;n để ở nơi c&oacute; nhiệt độ 15-45 độ C</li>\r\n	<li>Nước: chịu được kh&ocirc; hạn, n&ecirc;n tưới nước 1 tuần/lần</li>\r\n	<li>Đất: c&oacute; thể sinh trưởng v&agrave; ph&aacute;t triển trong điều kiện tự nhi&ecirc;n khắc nghiệt nhưng với c&acirc;y non th&igrave; bạn n&ecirc;n lựa chọn đất c&oacute; dinh dưỡng cao, đất tơi xốp</li>\r\n</ul>\r\n', 20, 0, 20, 150, '0'),
(10, 'mairua.jpg', 'Cây lá rùa', '1_CCTN', 'Cây', '20-30cm', 'Đà Lạt', '<p><strong>Giới thiệu c&acirc;y Tr&uacute;c Lưng R&ugrave;a (c&acirc;y L&aacute; R&ugrave;a)</strong></p>\r\n\r\n<ul>\r\n	<li>T&ecirc;n kh&aacute;c: trầu b&agrave; Nam Mỹ, trầu b&agrave; l&aacute; xẻ, lan d&acirc;y th&eacute;p, trầu b&agrave; l&aacute; r&aacute;ch</li>\r\n	<li>T&ecirc;n Tiếng Anh/T&ecirc;n khoa học: Monstera deliciosa</li>\r\n	<li>Họ: Araceae</li>\r\n	<li>Xuất xứ: Mexico</li>\r\n</ul>\r\n\r\n<p><strong>Đặc điểm</strong></p>\r\n\r\n<ul>\r\n	<li>Tr&uacute;c lưng r&ugrave;a l&agrave; c&acirc;y th&acirc;n leo thường xanh sống l&acirc;u năm, th&acirc;n c&oacute; đốt, rễ phụ d&agrave;i c&oacute; dạng d&acirc;y thừng, cuống l&aacute; d&agrave;i, khi c&acirc;y c&ograve;n non, l&aacute; c&oacute; h&igrave;nh tr&aacute;i tim, kh&ocirc;ng c&oacute; lỗ.</li>\r\n	<li>Lớn l&ecirc;n l&aacute; c&oacute; h&igrave;nh bầu dục, b&oacute;ng v&agrave; cứng, tr&ecirc;n mặt l&aacute; sẽ nhiều th&ugrave;y, rất giống với đường vằn tr&ecirc;n lưng r&ugrave;a.</li>\r\n	<li>Hoa của n&oacute; c&oacute; dạng phiến đế hoa, m&agrave;u v&agrave;ng nha, hoa tự mọng, c&oacute; h&igrave;nh trụ tr&ograve;n, ngắn hơn bao l&aacute;, ra hoa v&agrave;o m&ugrave;a h&egrave;.</li>\r\n	<li>Rễ phụ d&agrave;i v&agrave; rủ xuống, h&igrave;nh dạng c&acirc;y rất độc đ&aacute;o, l&agrave; một loại c&acirc;y trồng trong chậu l&agrave;m cảnh rất đẹp.</li>\r\n</ul>\r\n\r\n<p><strong>&Yacute; nghĩa phong thủy</strong></p>\r\n\r\n<ul>\r\n	<li>C&agrave;nh L&aacute; Tr&uacute;c Lưng R&ugrave;a mang lại nhiều may mắn, t&agrave;i lộc v&agrave; luồng sinh kh&iacute; tốt.</li>\r\n	<li>C&agrave;nh L&aacute; Tr&uacute;c Lưng R&ugrave;a hợp với người tuổi Dần v&agrave; hợp mệnh Kim. N&oacute; sẽ cộng hưởng c&ugrave;ng với điều kiện v&agrave; những thế mạnh của những người thuộc mệnh v&agrave; tuổi n&agrave;y m&agrave; sẽ ph&aacute;t huy được điểm mạnh tốt nhất cho họ.</li>\r\n</ul>\r\n\r\n<p><strong>C&ocirc;ng dụng</strong></p>\r\n\r\n<ul>\r\n	<li>Chọn C&agrave;nh L&aacute; Tr&uacute;c Lưng R&ugrave;a l&agrave;m c&acirc;y cảnh nội thất vừa đảm bảo v&ecirc;̀ mỹ quan, vừa gi&uacute;p cho kh&ocirc;ng gian th&ecirc;m xanh m&aacute;t v&agrave; gần gũi với thi&ecirc;n nhi&ecirc;n.</li>\r\n</ul>\r\n\r\n<p><strong>C&aacute;ch trồng</strong></p>\r\n\r\n<ul>\r\n	<li>&Aacute;nh s&aacute;ng: c&acirc;y ưa s&aacute;ng. M&ugrave;a h&egrave;, c&oacute; thể chuyển c&acirc;y ra ngo&agrave;i, c&oacute; l&aacute;n che</li>\r\n	<li>Nhiệt độ: trong nh&agrave; 15 độ C</li>\r\n	<li>Nước: c&acirc;y cần tương đối nhiều nước, v&agrave;o m&ugrave;a h&egrave;, mỗi ng&agrave;y tưới nước hai lần, v&agrave;o trước 8 giờ s&aacute;ng v&agrave; sau 5 giờ chiều. M&ugrave;a xu&acirc;n v&agrave; m&ugrave;a thu mỗi ng&agrave;y tưới nước một lần.</li>\r\n	<li>Đất: đất m&agrave;u mỡ, tho&aacute;t nước tốt. Phối trộn đất, sử dụng 30 % ph&acirc;n kh&ocirc;, 30 % đất m&ugrave;n, 40 % đất c&aacute;t.</li>\r\n</ul>\r\n\r\n<p>&nbsp;</p>\r\n', 30, 0, 30, 150, '0'),
(11, 'senmattrang.jpg', 'Sen mặt trăng', '2_CCSD', 'Cây', '10-15cm', 'Đà Lạt', '', 30, 0, 30, 20, '1'),
(13, 'hongphan.jpg', 'Sen đá hồng phấn', '2_CCSD', 'Cây', '20-30cm', 'Đà Lạt', '', 20, 0, 20, 60, '1'),
(14, 'sendolangan.jpg', 'Sen đỏ lá ngắn', '2_CCSD', 'Cây', '5-10cm', 'Đà Lạt', '', 20, 0, 20, 10, '1'),
(15, 'senthai.jpg', 'Sen thái', '2_CCSD', 'Cây', '20-30cm', 'Đà Lạt', '', 20, 0, 20, 100, '1'),
(16, 'sen-da-dat-trang.jpg', 'Sen đất trắng', '2_CCSD', 'Cây', '20-30cm', 'Đà Lạt', '', 20, 0, 20, 80, '1'),
(17, 'kimtien.jpg', 'Cây kim tiền', '1_CCTN', 'Cây', '20-30cm', 'Đà Lạt', '<p><strong>Giới thiệu c&acirc;y Kim Tiền</strong></p>\r\n\r\n<ul>\r\n	<li>T&ecirc;n kh&aacute;c: C&acirc;y Kim Ph&aacute;t T&agrave;i</li>\r\n	<li>T&ecirc;n Tiếng Anh: ZZ Plant</li>\r\n	<li>T&ecirc;n khoa học: Zamioculcas Zamiifolia</li>\r\n	<li>Họ: Araceae</li>\r\n	<li>Xuất xứ: Ch&acirc;u Phi</li>\r\n</ul>\r\n\r\n<p><strong>Đặc điểm</strong></p>\r\n\r\n<ul>\r\n	<li>Kim Tiền l&agrave; c&acirc;y dễ trồng trong nh&agrave;, c&acirc;y mọc th&agrave;nh bụi xanh mướt, ph&aacute;t triển tốt ở nơi &iacute;t &aacute;nh s&aacute;ng, kh&ocirc;ng cần tưới nước thường xuy&ecirc;n.&nbsp;</li>\r\n	<li>C&acirc;y c&oacute; rễ ch&ugrave;m, th&acirc;n chưa nhiều nước n&ecirc;n chịu hạn giỏi</li>\r\n</ul>\r\n\r\n<p><strong>&Yacute; nghĩa phong thủy</strong></p>\r\n\r\n<ul>\r\n	<li>Kim Tiền c&oacute; th&acirc;n v&agrave; l&aacute; cứng c&aacute;p, xanh tốt tượng trưng cho sự mạnh mẽ, ki&ecirc;n cường, tiếp th&ecirc;m mạnh mẽ cho chủ nh&acirc;n trước kh&oacute; khăn cuộc sống.</li>\r\n	<li>C&acirc;y gi&uacute;p mang t&agrave;i lộc v&agrave; thịnh vượng cho gia chủ. Kim Tiền ra hoa l&agrave; dấu hiệu của sự may mắn, th&agrave;nh c&ocirc;ng sắp đến.</li>\r\n	<li>C&acirc;y hợp với người tuổi T&iacute;.</li>\r\n	<li>C&acirc;y hợp với cả 5 mệnh trong ngũ h&agrave;nh, ph&ugrave; hợp nhất l&agrave; Hoả, Mộc (Hoả cần lưu &yacute; tr&aacute;nh trồng thuỷ sinh), mệnh Thuỷ n&ecirc;n chọn chậu m&agrave;u trắng hoặc trồng thuỷ sinh sẽ ph&ugrave; hợp hơn, mệnh Kim - Thổ nếu trồng th&igrave; n&ecirc;n trang tr&iacute; th&ecirc;m c&aacute;c vi&ecirc;n sỏi trắng hoặc v&agrave;ng.</li>\r\n</ul>\r\n\r\n<p><strong>C&ocirc;ng dụng</strong></p>\r\n\r\n<ul>\r\n	<li>Mang lại kh&ocirc;ng gian xanh m&aacute;t, đẹp mắt.</li>\r\n	<li>D&ugrave;ng l&agrave;m qu&agrave; tặng trong c&aacute;c dịp quan trong như Lễ, Tết, thăng chức, khai trương</li>\r\n	<li>Theo nghi&ecirc;n cứu của NASA, Kim Tiền gi&uacute;p thanh lọc kh&ocirc;ng kh&iacute;, loại bỏ kh&oacute;i bụi, kh&iacute; độc hại,... loại bỏ c&aacute;c chất g&acirc;y hại như benzene, tolene, xylen v&agrave; ethylbenzene.</li>\r\n</ul>\r\n\r\n<p><strong>C&aacute;ch trồng</strong></p>\r\n\r\n<ul>\r\n	<li>&Aacute;nh s&aacute;ng: ưa s&aacute;ng, th&iacute;ch hợp đặt ở chỗ b&oacute;ng r&acirc;m, c&oacute; m&aacute;i che</li>\r\n	<li>Nhiệt độ: chịu được nhiệt độ cao, nhưng ph&aacute;t triển tốt nhất từ 25-27 độ C</li>\r\n	<li>Nước: 2 lần/tuần, tưới bằng b&igrave;nh xịt, tr&aacute;nh ngập nước, tr&aacute;nh mưa</li>\r\n	<li>Đất: m&agrave;u mỡ, tơi xốp v&agrave; tho&aacute;t nước tốt. Ph&acirc;n b&oacute;n 1 th&aacute;ng 1 lần, n&ecirc;n d&ugrave;ng ph&acirc;n hữu cơ hoặc vi sinh.</li>\r\n</ul>\r\n', 30, 0, 30, 55, '0'),
(18, 'cayco.jpg', 'Cây cọ', '1_CCTN', 'Cây', '20-30cm', 'Đà Lạt', '<p><strong>Giới thiệu c&acirc;y Cọ</strong></p>\r\n\r\n<ul>\r\n	<li>T&ecirc;n kh&aacute;c: <strong>C&acirc;y cọ ta, c&acirc;y cọ l&ugrave;n</strong></li>\r\n	<li>T&ecirc;n Tiếng Anh: Rhapis Excelsa</li>\r\n	<li>T&ecirc;n khoa học: <strong>Livistona rotundifolia</strong></li>\r\n	<li>Họ: <strong>Arecaceae</strong></li>\r\n	<li>Xuất xứ: Nhật Bản</li>\r\n</ul>\r\n\r\n<p><strong>Đặc điểm</strong></p>\r\n\r\n<ul>\r\n	<li>Th&acirc;n c&acirc;y cọ cảnh thuộc loại th&acirc;n gỗ nhỏ, d&aacute;ng cột. Tr&ecirc;n th&acirc;n m&agrave;u x&aacute;m c&oacute; c&aacute;c vết sẹo do c&agrave;nh gi&agrave; bị rụng để lại.</li>\r\n	<li>L&aacute; c&acirc;y cọ cảnh xanh hoặc xanh sẫm, x&ograve;e rộng gần tr&ograve;n nh&igrave;n rất bắt mắt v&agrave; mọc tập trung ở ngọn c&acirc;y. M&eacute;p l&aacute; cọ cảnh c&oacute; h&igrave;nh răng cưa, bề mặt xếp th&agrave;nh nếp v&agrave; c&oacute; g&acirc;n h&igrave;nh ch&acirc;n vịt. Cuống l&aacute; thon d&agrave;i v&agrave; cứng chắc, c&oacute; những gai nhọn mọc dọc.</li>\r\n	<li>C&acirc;y c&oacute; hoa đơn t&iacute;nh mọc c&ugrave;ng gốc. Hoa cọ đực nằm ph&iacute;a tr&ecirc;n, h&igrave;nh trụ d&agrave;i c&oacute; m&agrave;u n&acirc;u đỏ. Hoa c&aacute;i nằm dưới, m&agrave;u xanh v&agrave; c&oacute; h&igrave;nh cầu. C&acirc;y cọ cảnh ra quả m&agrave;u xanh lục h&igrave;nh cầu.</li>\r\n</ul>\r\n\r\n<p><strong>&Yacute; nghĩa phong thủy</strong></p>\r\n\r\n<ul>\r\n	<li>C&acirc;y cọ ta c&oacute; sức sống bền bỉ, m&agrave;u xanh tr&agrave;n đầy năng lượng tượng trưng cho sức sống dẻo dai, khỏe mạnh.</li>\r\n	<li>&Yacute; nghĩa phong thủy của c&acirc;y cọ th&iacute;ch hợp cho những người mệnh Thổ v&agrave; Kim n&ecirc;n rất được nhiều người quan t&acirc;m. Đ&acirc;y cũng l&agrave; m&oacute;n qu&agrave; &yacute; nghĩa m&agrave; bạn c&oacute; thể tặng cho người th&acirc;n y&ecirc;u của m&igrave;nh.</li>\r\n</ul>\r\n\r\n<p><strong>C&ocirc;ng dụng</strong></p>\r\n\r\n<ul>\r\n	<li>C&acirc;y cọ hiện nay l&agrave; lo&agrave;i c&acirc;y cảnh đẹp phần l&aacute; thường được d&ugrave;ng nhiều trong nội thất cũng như lĩnh vực ngoại thất.</li>\r\n	<li>C&acirc;y cọ rất th&iacute;ch hợp trồng trong chậu, đặt ở h&agrave;nh lang, văn ph&ograve;ng để trang tr&iacute;.</li>\r\n	<li>Ngo&agrave;i ra, c&acirc;y cọ ta c&ograve;n d&ugrave;ng trồng trong chậu sứ hay trồng trong nước chậu thủy tinh để tr&ecirc;n b&agrave;n l&agrave;m việc, b&agrave;n ăn, b&agrave;n tiếp kh&aacute;ch, bệ cửa sổ.</li>\r\n</ul>\r\n\r\n<p><strong>C&aacute;ch trồng</strong></p>\r\n\r\n<ul>\r\n	<li>&Aacute;nh s&aacute;ng: khi c&ograve;n nhỏ ưa b&oacute;ng r&acirc;m nhưng khi đ&atilde; trưởng th&agrave;nh th&igrave; lại l&agrave; c&acirc;y ưa s&aacute;ng. Với c&acirc;y cọ cảnh nhỏ, n&ecirc;n đặt c&acirc;y trong nh&agrave;, tr&aacute;nh c&aacute;c vị tr&iacute; c&oacute; &aacute;nh nắng trực tiếp l&agrave;m h&eacute;o l&aacute; c&acirc;y. Đối với c&acirc;y trưởng th&agrave;nh, trồng c&acirc;y trong nh&agrave; th&igrave; cần chọn những nơi c&oacute; nhiều &aacute;nh s&aacute;ng như cạnh cửa sổ hay ban c&ocirc;ng, cửa ra v&agrave;o.</li>\r\n	<li>Nhiệt độ: 20-50 độ C</li>\r\n	<li>Nước: chỉ cần tưới cho c&acirc;y khoảng 3 lần mỗi tuần với lượng vừa phải.</li>\r\n	<li>Đất: &nbsp;d&ugrave;ng loại đất thịt gi&agrave;u c&aacute;c kho&aacute;ng chất v&agrave; dinh dưỡng. N&ecirc;n trộn c&aacute;c loại m&ugrave;n, trấu hoặc xơ dừa với đất để gia tăng th&agrave;nh phần dinh dưỡng v&agrave; đảm bảo độ tơi xốp</li>\r\n</ul>\r\n\r\n<p>&nbsp;</p>\r\n', 20, 0, 20, 180, '0'),
(19, 'nganhau.jpg', 'Cây ngân hậu', '1_CCTN', 'Cây', '20-30cm', 'Đà Lạt', '<p><strong>Giới thiệu c&acirc;y Ng&acirc;n Hậu</strong></p>\r\n\r\n<ul>\r\n	<li>T&ecirc;n kh&aacute;c: <strong>C&acirc;y minh ty rằn, Vạn ni&ecirc;n vạch</strong></li>\r\n	<li>T&ecirc;n Tiếng Anh: Chinese Evergreen</li>\r\n	<li>T&ecirc;n khoa học: <em>Aglaonema</em>&nbsp;<em>marantifolium</em></li>\r\n	<li>Họ: <em>Araceae</em></li>\r\n	<li>Xuất xứ: Đảo Mulucca v&agrave; Philippin</li>\r\n</ul>\r\n\r\n<p><strong>Đặc điểm</strong></p>\r\n\r\n<ul>\r\n	<li><strong>C&acirc;y ng&acirc;n hậu</strong>&nbsp;mọc th&agrave;nh bụi d&agrave;y, l&agrave; loại c&acirc;y sống l&acirc;u năm, th&acirc;n cao khoảng từ 20 &ndash; 40 cm.</li>\r\n	<li>L&aacute; h&igrave;nh thu&ocirc;n d&agrave;i nhọn cả hai đầu, gốc c&oacute; cuống d&agrave;i, mở rộng ở đ&aacute;y th&agrave;nh bẹ &ocirc;m th&acirc;n. Phiến l&aacute; d&agrave;y c&oacute; m&agrave;u xanh đậm, nhiều đốm vằn m&agrave;u trắng dọc theo g&acirc;n b&ecirc;n, g&acirc;n nổi r&otilde; ở mặt l&aacute; dưới, mang hoa ở đỉnh, ngo&agrave;i c&oacute; mo m&agrave;u trắng nhỏ bao bọc.</li>\r\n	<li>Quả mọng h&igrave;nh tr&aacute;i xoan d&agrave;i từ 1 &ndash; 2 cm, quả c&oacute; một hạt, xếp s&aacute;t nhau th&agrave;nh bong lớn, c&oacute; chung cuống mập.</li>\r\n</ul>\r\n\r\n<p><strong>&Yacute; nghĩa phong thủy</strong></p>\r\n\r\n<ul>\r\n	<li><strong>C&acirc;y ng&acirc;n hậu</strong><strong>&nbsp;</strong>rất được ưa chuộng v&agrave; sử dụng nhiều trong trang tr&iacute; nội thất gia đ&igrave;nh- văn ph&ograve;ng bởi phong th&aacute;i qu&yacute; tộc của n&oacute;.</li>\r\n	<li>C&acirc;y c&ograve;n mang &yacute; nghĩa xua đi những điều kh&ocirc;ng may mắn cho gia chủ.</li>\r\n</ul>\r\n\r\n<p><strong>C&ocirc;ng dụng</strong></p>\r\n\r\n<ul>\r\n	<li><strong>C&acirc;y ng&acirc;n hậu</strong><strong>&nbsp;</strong>d&ugrave;ng l&agrave;m<strong>&nbsp;</strong><a href=\"https://cayxanhthudo.com.vn/danh-muc/cay-canh/cay-canh-van-phong/\"><strong>c&acirc;y cảnh văn ph&ograve;ng</strong></a><strong>&nbsp;</strong>trang tr&iacute; nội ngoại thất cho kh&ocirc;ng gian nh&agrave; c&acirc;y c&oacute; m&agrave;u l&aacute; đẹp v&agrave; kh&ocirc;ng bị rụng l&aacute;.</li>\r\n	<li>C&oacute; tốc độ sinh trưởng nhanh. C&acirc;y chịu b&oacute;ng b&aacute;n phần hoặc ho&agrave;n to&agrave;n, th&iacute;ch hợp l&agrave;m c&acirc;y trồng nội thất</li>\r\n</ul>\r\n\r\n<p><strong>C&aacute;ch trồng</strong></p>\r\n\r\n<ul>\r\n	<li>&Aacute;nh s&aacute;ng: Nơi c&oacute; nhiều &aacute;nh s&aacute;ng tự nhi&ecirc;n / &aacute;nh s&aacute;ng đ&egrave;n trực tiếp (Tr&aacute;nh &aacute;nh nắng trực tiếp sẽ l&agrave;m ch&aacute;y l&aacute;)</li>\r\n	<li>Nhiệt độ: 15-35 độ C</li>\r\n	<li>Nước: &nbsp;tưới nước cho c&acirc;y thường xuy&ecirc;n để c&acirc;y ph&aacute;t triển. Về chế độ tưới 3 ng&agrave;y/lần</li>\r\n	<li>Đất: bón ph&acirc;n theo định kỳ 1 tháng/ 1 l&acirc;̀n cho c&acirc;y. Bằng các loại ph&acirc;n bón như NPK, các loại ph&acirc;n hữu cơ t&ocirc;̉ng hợp, ph&acirc;n hoai mục, mùn, tro&hellip;đ&ecirc;̉ gia tăng ch&acirc;́t dinh dưỡng cho đ&acirc;́t nu&ocirc;i đ&acirc;y.</li>\r\n</ul>\r\n\r\n<p>&nbsp;</p>\r\n', 30, 0, 30, 160, '0'),
(20, 'duoicongtao.jpg', 'Cây đuôi công táo', '1_CCTN', 'Cây', '20-30cm', 'Đà Lạt', '<p><strong>Giới thiệu c&acirc;y Đu&ocirc;i C&ocirc;ng T&aacute;o</strong></p>\r\n\r\n<ul>\r\n	<li>T&ecirc;n kh&aacute;c: c&acirc;y đu&ocirc;i phụng</li>\r\n	<li>T&ecirc;n Tiếng Anh: Calathea Orbifolia</li>\r\n	<li>T&ecirc;n khoa học: Calathea makoyana</li>\r\n	<li>Họ: Marantaceae</li>\r\n	<li>Xuất xứ: Nam Mỹ</li>\r\n</ul>\r\n\r\n<p><strong>Đặc điểm</strong></p>\r\n\r\n<ul>\r\n	<li>C&acirc;y c&oacute; chiều cao trung b&igrave;nh khi trưởng th&agrave;nh từ 20cm đến 75cm.&nbsp;</li>\r\n	<li>L&aacute; c&acirc;y m&agrave;u xanh, h&igrave;nh tr&ograve;n, v&agrave; thon dần về ph&iacute;a đầu l&aacute;. Nh&igrave;n h&igrave;nh dạng l&aacute; tr&ocirc;ng kh&aacute; giống những v&ograve;ng s&aacute;ng tr&ecirc;n đu&ocirc;i c&ocirc;ng.&nbsp;</li>\r\n	<li>C&acirc;y c&oacute; hoa m&agrave;u trắng mọc th&agrave;nh ch&ugrave;m; hoa nở quanh năm.&nbsp;</li>\r\n	<li>Đu&ocirc;i c&ocirc;ng t&aacute;o c&oacute; quả m&agrave;u t&iacute;m kh&aacute; giống m&agrave;u của th&acirc;n c&acirc;y. Nhờ những đặc điểm như vậy, loại c&acirc;y n&agrave;y được nhiều người y&ecirc;u th&iacute;ch trồng trong nh&agrave;.</li>\r\n</ul>\r\n\r\n<p><strong>&Yacute; nghĩa phong thủy</strong></p>\r\n\r\n<ul>\r\n	<li>Đu&ocirc;i c&ocirc;ng t&aacute;o l&agrave; c&acirc;y phong thủy mang đến sự thịnh vượng, hạnh ph&uacute;c vi&ecirc;n m&atilde;n. Nhờ điều n&agrave;y m&agrave; c&aacute;c gia đ&igrave;nh lựa chọn trồng c&acirc;y để thu h&uacute;t về nhiều t&agrave;i lộc, điềm may. Đ&acirc;y cũng l&agrave;&nbsp;c&acirc;y cảnh văn ph&ograve;ng&nbsp;rất được ưa chuộng hiện nay</li>\r\n	<li>Ngo&agrave;i ra, c&acirc;y đu&ocirc;i c&ocirc;ng t&aacute;o c&ograve;n hỗ trợ gắn kết c&aacute;c mối quan hệ với nhau. Th&agrave;nh vi&ecirc;n trong trở n&ecirc;n khăng kh&iacute;t, th&acirc;n thiết hơn. Mối quan hệ bạn b&egrave;, đồng nghiệp cũng trở n&ecirc;n tốt đẹp hơn.&nbsp;</li>\r\n</ul>\r\n\r\n<p><strong>C&ocirc;ng dụng</strong></p>\r\n\r\n<ul>\r\n	<li>C&acirc;y đu&ocirc;i c&ocirc;ng t&aacute;o thanh lọc kh&ocirc;ng kh&iacute; hiệu quả. C&acirc;y c&oacute; khả năng loại bỏ c&aacute;c chất c&oacute; hại cho sức khỏe; chất g&acirc;y ung thư; hay l&agrave; những bệnh li&ecirc;n quan đến tim v&agrave; n&atilde;o&hellip;</li>\r\n	<li>Ngo&agrave;i ra, c&acirc;y c&ograve;n c&oacute; thể hấp thu c&aacute;c dạng kh&iacute; thải ra từ m&aacute;y m&oacute;c thiết bị; bức xạ m&aacute;y t&iacute;nh hay c&aacute;c đồ điện tử.&nbsp;</li>\r\n</ul>\r\n\r\n<p><strong>C&aacute;ch trồng</strong></p>\r\n\r\n<ul>\r\n	<li>&Aacute;nh s&aacute;ng: &aacute;nh mặt trời trực tiếp ch&iacute;nh l&agrave; s&aacute;t thủ số một của c&acirc;y. Khu vực r&acirc;m m&aacute;t l&agrave; nơi tốt nhất trồng c&acirc;y, cũng kh&ocirc;ng đặt c&acirc;y v&agrave;o một g&oacute;c tối, nơi kh&ocirc;ng nhận được bất kỳ &aacute;nh s&aacute;ng n&agrave;o.</li>\r\n	<li>Nhiệt độ: 18 &deg; C &ndash; 24&ordm;C</li>\r\n	<li>Nước: phải lu&ocirc;n giữ ẩm cho đất; kh&ocirc;ng được để đất kh&ocirc; ho&agrave;n to&agrave;n. Th&ocirc;ng thường, n&ecirc;n tưới nước &iacute;t nhất 1 lần/ tuần hoặc khi đất bắt đầu kh&ocirc;.</li>\r\n	<li>Đất: gi&agrave;u dinh dưỡng, b&oacute;n ph&acirc;n mỗi th&aacute;ng một lần</li>\r\n</ul>\r\n\r\n<p>&nbsp;</p>\r\n', 30, 0, 30, 75, '0'),
(21, 'conhat.jpg', 'Cây cọ nhật', '1_CCTN', 'Cây', '20-30cm', 'Đà Lạt', '<p><strong>Giới thiệu c&acirc;y Cọ Nhật</strong></p>\r\n\r\n<ul>\r\n	<li>T&ecirc;n kh&aacute;c: C&acirc;y Cầy k&egrave; ta, K&egrave; Nhật Bản</li>\r\n	<li>T&ecirc;n Tiếng Anh: <em>Red Latan Palm</em></li>\r\n	<li>T&ecirc;n khoa học: Licuala grandis</li>\r\n	<li>Họ: Arecaceae</li>\r\n	<li>Xuất xứ: Nhật Bản</li>\r\n</ul>\r\n\r\n<p><strong>Đặc điểm</strong></p>\r\n\r\n<ul>\r\n	<li><strong>Cọ Nhật</strong>&nbsp;c&oacute; chiều cao kh&aacute; khi&ecirc;m tốn, thường dưới 2m, th&acirc;n c&oacute; m&agrave;u x&aacute;m, dọc th&acirc;n c&oacute; nhiều mắt sần s&ugrave;i do bẹ l&aacute; rụng để lại. Đối với c&acirc;y cảnh th&igrave; th&acirc;n c&acirc;y sẽ thấp hơn, thay v&agrave;o đ&oacute; c&aacute;c l&aacute; sẽ vươn d&agrave;i, nhiều nh&aacute;nh.</li>\r\n	<li>C&aacute;c nh&aacute;nh c&acirc;y nhỏ v&agrave; mỏng, mọc tập trung ở ngọn. Ph&iacute;a đầu nh&aacute;nh l&agrave; l&aacute; c&acirc;y c&oacute; h&igrave;nh d&aacute;ng x&ograve;e ra như chiếc quạt, m&agrave;u xanh thẫm đẹp mắt. K&iacute;ch thước l&aacute; kh&aacute; lớn, thường c&oacute; đường k&iacute;nh từ 0.5 đến gần 1m</li>\r\n	<li>M&eacute;p l&aacute; c&oacute; nhiều răng cưa cạn, mặt l&aacute; c&oacute; c&aacute;c đường g&acirc;n xếp th&agrave;nh nếp đều nhau rất đẹp.</li>\r\n	<li>C&acirc;y cọ Nhật cũng ra hoa, hoa của c&acirc;y mọc th&agrave;nh ch&ugrave;m d&agrave;i với c&aacute;c cụm hoa nhỏ, hoa mọc ra ở n&aacute;ch l&aacute; v&agrave; c&oacute; m&agrave;u v&agrave;ng nhạt. Quả của c&acirc;y cọ Nhật c&oacute; dạng h&igrave;nh bầu dục, tương tự như&nbsp;<a href=\"https://lamvuon.net/cay-co-canh/\">c&acirc;y cọ cảnh</a>&nbsp;hay những c&acirc;y họ Cau kh&aacute;c.</li>\r\n</ul>\r\n\r\n<p><strong>&Yacute; nghĩa phong thủy</strong></p>\r\n\r\n<ul>\r\n	<li>Trong phong thủy, c&acirc;y cọ Nhật được biết đến l&agrave; lo&agrave;i c&acirc;y mang lại nhiều may mắn, t&agrave;i lộc. Điều n&agrave;y l&agrave; do h&igrave;nh d&aacute;ng l&aacute; c&acirc;y tương tự như biểu tượng b&agrave;n tay x&ograve;e ra hứng lộc.</li>\r\n	<li>Người ta trồng hay tặng c&acirc;y cọ Nhật với mong muốn người nhận gặp nhiều may mắn trong cuộc sống, thăng tiến trong c&ocirc;ng việc, sự nghiệp.</li>\r\n</ul>\r\n\r\n<p><strong>C&ocirc;ng dụng</strong></p>\r\n\r\n<ul>\r\n	<li>Với h&igrave;nh d&aacute;ng độc đ&aacute;o đẹp mắt, c&ocirc;ng dụng ch&iacute;nh của c&acirc;y cọ Nhật vẫn l&agrave; trồng cảnh. C&acirc;y c&oacute; thể trang tr&iacute; ở nhiều vị tr&iacute; kh&aacute;c nhau.</li>\r\n	<li>Với những c&acirc;y lớn, bạn c&oacute; thể trồng c&acirc;y trang tr&iacute; s&acirc;n vườn, lối đi, trang tr&iacute; c&ocirc;ng tr&igrave;nh. C&acirc;y c&oacute; k&iacute;ch thước nhỏ hơn thường được trồng trong chậu, trang tr&iacute; kh&ocirc;ng gian văn ph&ograve;ng, ph&ograve;ng kh&aacute;ch, ph&ograve;ng ăn hay giếng trời đều rất đẹp.</li>\r\n	<li>Cọ Nhật c&ograve;n được biết đến l&agrave; lo&agrave;i c&acirc;y c&oacute; khả năng loại bỏ bụi bẩn, thanh lọc kh&ocirc;ng kh&iacute;, gi&uacute;p m&ocirc;i trường sống trong sạch, l&agrave;nh mạnh hơn.</li>\r\n	<li>C&acirc;y n&agrave;y c&ograve;n c&oacute; khả năng xua đuổi c&ocirc;n tr&ugrave;ng, ruồi muỗi rất tốt đấy.</li>\r\n	<li>Ngo&agrave;i ra, cọ cảnh c&ograve;n thường được sử dụng l&agrave;m qu&agrave; tặng trong những dịp đặc biệt bởi c&acirc;y mang nhiều &yacute; nghĩa tốt đẹp.</li>\r\n</ul>\r\n\r\n<p><strong>C&aacute;ch trồng</strong></p>\r\n\r\n<ul>\r\n	<li>&Aacute;nh s&aacute;ng: c&acirc;y ưa s&aacute;ng, n&ecirc;n đặt c&acirc;y ở nơi tho&aacute;ng m&aacute;t, khi c&acirc;y c&ograve;n nhỏ th&igrave; n&ecirc;n c&oacute; biện ph&aacute;p che chắn mỗi khi nắng gắt</li>\r\n	<li>Nhiệt độ:&nbsp; 20-40 độ C</li>\r\n	<li>Nước: c&acirc;y c&ograve;n nhỏ th&igrave; bạn n&ecirc;n tưới 2 &ndash; 3 lần mỗi tuần. Khi c&acirc;y đ&atilde; lớn hơn th&igrave; chỉ cần tưới mỗi tuần một lần</li>\r\n	<li>Đất: D&ugrave; sống tốt tr&ecirc;n đất kh&ocirc; cằn, nhưng khi trồng n&ecirc;n chuẩn bị đất gi&agrave;u dinh dưỡng một ch&uacute;t. Tốt nhất l&agrave; chọn đất thịt, trộn th&ecirc;m &iacute;t ph&acirc;n hữu cơ, xơ dừa, m&ugrave;n cưa, vừa đảm bảo dưỡng chất, vừa tăng độ tơi xốp v&agrave; khả năng tho&aacute;t nước</li>\r\n</ul>\r\n', 30, 0, 30, 85, '0'),
(22, 'xrkimho.jpg', 'Xương rồng kim hổ', '3_SRC', 'Cây', '20-30cm', 'Đà Lạt', '', 50, 0, 50, 100, '1'),
(23, 'xrnui.jpg', 'Xương rồng núi', '3_SRC', 'Cây', '30-45', 'Đà Lạt', '', 20, 0, 20, 55, '1'),
(24, 'xrbakhia.jpg', 'Xương rồng ba khía', '3_SRC', 'Cây', '20-30cm', 'Đà Lạt', '', 30, 0, 30, 55, '1'),
(25, 'xrtaitho.jpg', 'Xương rồng tai thỏ', '3_SRC', 'Cây', '20-30cm', 'Đà Lạt', '', 20, 0, 20, 15, '1'),
(26, 'bachmahoangtu.jpg', 'Bạch mã hoàng tử', '2_CCSD', 'Cây', '20-30cm', 'Đà Lạt', '<p><strong>C&acirc;y Bạch M&atilde; Ho&agrave;ng Tử</strong>&nbsp;&nbsp;c&ograve;n được gọi l&agrave;&nbsp;<strong>c&acirc;y Bạch M&atilde;</strong>. Thuộc họ thực vật Araceae&nbsp;(r&aacute;i). C&acirc;y c&oacute; nguồn gốc từ Ch&acirc;u &Aacute;.</p>\r\n\r\n<h3>Đặc điểm h&igrave;nh th&aacute;i</h3>\r\n\r\n<p>C&acirc;y Bạch M&atilde; Ho&agrave;ng Tử&nbsp;l&agrave; lo&agrave;i th&acirc;n thảo, sống l&acirc;u năm, mọc th&agrave;nh bụi. Chiều cao trung b&igrave;nh của c&acirc;y từ 40 -80 cm. L&aacute; c&acirc;y m&agrave;u xanh đậm c&oacute; cuống d&agrave;i, l&aacute; c&oacute; c&aacute;c đốm trắng chủ yếu ở dọc g&acirc;n giữa của l&aacute;. Bản l&aacute; to h&igrave;nh bầu dục thu&ocirc;n nhọn ở đỉnh. M&eacute;p l&aacute; nguy&ecirc;n, mặt tr&ecirc;n c&oacute; g&acirc;n ch&igrave;m h&igrave;nh xương c&aacute; m&agrave;u trắng. Mặt dưới g&acirc;n nổi r&otilde; v&agrave; c&oacute; m&agrave;u xanh nhạt hơn.</p>\r\n\r\n<p>Bạch M&atilde; Ho&agrave;ng Tử l&agrave; loại c&acirc;y được y&ecirc;u th&iacute;ch chủ yếu bởi m&agrave;u sắc đẹp của l&aacute; kết hợp h&agrave;i h&ograve;a với m&agrave;u trắng xanh của th&acirc;n, l&aacute; ph&aacute;t triển chậm, &iacute;t rụng.&nbsp;Th&acirc;n c&acirc;y thường ph&acirc;n đốt bởi khi l&aacute; rụng để lại c&aacute;c vết sẹo.</p>\r\n\r\n<h3>Đặc điểm sinh trưởng</h3>\r\n\r\n<p>C&acirc;y c&oacute; tốc độ sinh trưởng kh&aacute; chậm, ưa &aacute;nh s&aacute;ng nhẹ hoặc b&oacute;ng b&aacute;n phần. C&acirc;y c&oacute; thể sống tốt trong cả m&ocirc;i trường đất v&agrave; nước.&nbsp;<strong>Bạch M&atilde; Ho&agrave;ng Tử</strong>&nbsp;c&oacute; thể th&iacute;ch nghi với mọi điều kiện sống. T&ugrave;y thuộc v&agrave;o mỗi điều kiện sống kh&aacute;c nhau m&agrave; m&agrave;u l&aacute; của n&oacute; c&oacute; thể thay đổi một m&agrave;u kh&aacute;c nhau từ trắng, đỏ, v&agrave;ng, xanh.</p>\r\n\r\n<h2>&Yacute; nghĩa, c&ocirc;ng dụng của c&acirc;y Bạch M&atilde; Ho&agrave;ng Tử</h2>\r\n\r\n<p>C&acirc;y Bạch M&atilde; Ho&agrave;ng Tử &ndash; C&acirc;y phong thủy trong nh&agrave;: c&acirc;y được ưa chuộng trồng l&agrave;m c&acirc;y cảnh trang tr&iacute; trong nh&agrave;. Người ta cho rằng c&acirc;y Bạch M&atilde; Ho&agrave;ng Tử&nbsp; l&agrave; lo&agrave;i c&acirc;y c&oacute; &yacute; nghĩa phong thủy tốt. Trồng c&acirc;y trong nh&agrave; c&oacute; t&aacute;c dụng trừ t&agrave;, xua đi xui xẻo, điều xấu trong gia đ&igrave;nh. Gi&uacute;p mang lại sự may mắn, tiền t&agrave;i, ph&uacute; qu&yacute; cho gia chủ.</p>\r\n\r\n<p>Với những c&acirc;y c&oacute; k&iacute;ch thước vừa phải được trồng trong chậu đặt dọc h&agrave;nh lang, g&oacute;c văn ph&ograve;ng, trang tr&iacute; nh&agrave; cửa,&hellip; Những c&acirc;y Bạch M&atilde; Ho&agrave;ng Tử nhỏ xinh được trồng trong chậu để b&agrave;n&nbsp;kệ ti vi, g&oacute;c học tập, gi&aacute; s&aacute;ch, văn ph&ograve;ng l&agrave;m việc, b&agrave;n lễ t&acirc;n trong kh&aacute;ch sạn,&hellip;&nbsp;Ngo&agrave;i ra n&oacute; c&ograve;n được d&ugrave;ng l&agrave;m qu&agrave; tặng cho người th&acirc;n, bạn b&egrave; trong c&aacute;c dịp lễ tết.</p>\r\n\r\n<p>Ngo&agrave;i t&aacute;c dụng l&agrave;m cảnh, c&acirc;y cũng g&oacute;p phần điều h&ograve;a kh&ocirc;ng kh&iacute; mang lại nhiều kh&ocirc;ng gian xanh tự nhi&ecirc;n. N&oacute; lu&ocirc;n gi&uacute;p ch&uacute;ng ta cảm thấy thư th&aacute;i, dễ chịu hơn sau những căng thẳng c&ocirc;ng việc.</p>\r\n', 30, 0, 30, 100, '1'),
(27, 'caucanh.jpg', 'Cây cau cảnh', '1_CCTN', 'Cây', '20-30cm', 'Đà Lạt', '<p><strong>Giới thiệu c&acirc;y Cau Cảnh</strong></p>\r\n\r\n<ul>\r\n	<li>T&ecirc;n kh&aacute;c: c&acirc;y cau v&agrave;ng, cau kiểng v&agrave;ng</li>\r\n	<li>T&ecirc;n Tiếng Anh: areca palm</li>\r\n	<li>T&ecirc;n khoa học: Chrysalidocarpus lutescens</li>\r\n	<li>Họ: Arecaceae</li>\r\n	<li>Xuất xứ: Nhật Bản</li>\r\n</ul>\r\n\r\n<p><strong>Đặc điểm</strong></p>\r\n\r\n<ul>\r\n	<li>Th&acirc;n c&acirc;y cau cảnh thẳng, chiều cao trung b&igrave;nh từ 0,7-2m. Cả gốc v&agrave; th&acirc;n c&acirc;y c&oacute; nhiều đốt ngắn v&agrave; đều c&oacute; m&agrave;u xanh ngả v&agrave;ng. Phần gốc c&acirc;y lớn v&agrave; thu&ocirc;n nhỏ dần về ph&iacute;a ngọn.</li>\r\n	<li>C&agrave;nh cau kiểng d&agrave;i, nhỏ hướng l&ecirc;n tr&ecirc;n c&oacute; c&aacute;c l&aacute; cau mọc đối xứng hai b&ecirc;n. L&aacute; c&acirc;y cau cảnh kh&aacute; mỏng, d&agrave;i, kh&aacute; mềm v&agrave; c&oacute; cuống tr&ograve;n. D&aacute;ng c&acirc;y đẹp v&agrave; xanh tốt n&ecirc;n ph&ugrave; hợp để trồng l&agrave;m cảnh.</li>\r\n	<li>Hoa cau c&oacute; m&agrave;u trắng, m&ugrave;i thơm ng&aacute;t v&agrave; nở th&agrave;nh từng ch&ugrave;m. Quả cau mọc th&agrave;nh buồng, c&oacute; h&igrave;nh trứng v&agrave; được d&ugrave;ng để ăn k&egrave;m với trầu ở nước ta.</li>\r\n</ul>\r\n\r\n<p><strong>&Yacute; nghĩa phong thủy</strong></p>\r\n\r\n<ul>\r\n	<li>L&agrave; lo&agrave;i c&acirc;y đại diện cho sự b&igrave;nh y&ecirc;n v&agrave; những điều tốt đẹp. Nhiều người quan niệm trồng c&acirc;y trong nh&agrave; c&oacute; thể bảo vệ v&agrave; che chắn cho c&aacute;c th&agrave;nh vi&ecirc;n trong gia đ&igrave;nh khỏi những điều xấu xa v&agrave; vận rủi</li>\r\n	<li>C&acirc;y cau l&agrave; một trong hai đại diện cho phong tục cưới hỏi kh&ocirc;ng thể thiếu c&ugrave;ng với c&acirc;y trầu, l&aacute; trầu.</li>\r\n	<li>Những b&ocirc;ng hoa cau trắng muốt với hương thơm ng&aacute;t mang đến điềm may v&agrave; sự thanh khiết cho kh&ocirc;ng gian quanh nh&agrave;. Trồng c&acirc;y cau cảnh gi&uacute;p gia tăng vượng kh&iacute; v&agrave; n&acirc;ng cao phong thủy cho ng&ocirc;i nh&agrave;.</li>\r\n</ul>\r\n\r\n<p><strong>C&ocirc;ng dụng</strong></p>\r\n\r\n<ul>\r\n	<li>C&acirc;y cau cảnh c&oacute; thể được trồng trong nh&agrave; hay ngo&agrave;i trời đều được. Th&ocirc;ng thường người ta hay chọn những c&acirc;y cau cảnh nhỏ v&agrave; ph&aacute;t triển chậm để trồng trong nh&agrave;. Những c&acirc;y cau lớn v&agrave; ph&aacute;t triển nhanh được trồng cạnh nh&agrave; lấy b&oacute;ng m&aacute;t lại vừa để l&agrave;m đẹp.</li>\r\n	<li>C&acirc;y cau cảnh lọc kh&ocirc;ng kh&iacute; kh&aacute; tốt v&agrave; c&oacute; khả năng cung cấp độ ẩm cao. C&aacute;c loại kh&iacute; độc bay hơi như toluene, benzen,&hellip; đều c&oacute; thể bị c&acirc;y hấp thụ. Trồng c&acirc;y cau cảnh trong ph&ograve;ng điều h&ograve;a để c&acirc;n bằng độ ẩm trong ph&ograve;ng v&agrave; thanh lọc kh&ocirc;ng kh&iacute;.</li>\r\n</ul>\r\n\r\n<p><strong>C&aacute;ch trồng</strong></p>\r\n\r\n<ul>\r\n	<li>&Aacute;nh s&aacute;ng: đảm bảo lượng s&aacute;ng cần thiết. Cũng kh&ocirc;ng n&ecirc;n đặt c&acirc;y ở vị tr&iacute; nắng gắt, l&acirc;u ng&agrave;y sẽ xuất hiện hiện tượng c&acirc;y cau cảnh bị v&agrave;ng l&aacute;, h&eacute;o v&agrave; chết dần nhưng phải đảm bảo cần nhiều &aacute;nh s&aacute;ng tầm 5 tới 6 tiếng mỗi ng&agrave;y.</li>\r\n	<li>Nhiệt độ: 18 đến 28 độ C</li>\r\n	<li>Nước: C&acirc;y ưa ẩm n&ecirc;n cần lượng lớn nước. Mỗi ng&agrave;y n&ecirc;n tưới cho c&acirc;y một lần với số lượng vừa đủ, b&ecirc;n cạnh đ&oacute; cũng n&ecirc;n phun sương cho l&aacute; được xanh hơn</li>\r\n	<li>Đất: C&acirc;y ph&ugrave; hợp với đất m&agrave;u mỡ v&igrave; thế n&ecirc;n trộn th&ecirc;m &iacute;t tro trấu v&agrave; xơ dừa v&agrave;o trong đất, đồng thời cũng gi&uacute;p đất giữ v&agrave; tho&aacute;t ẩm tốt hơn.</li>\r\n</ul>\r\n\r\n<p>&nbsp;</p>\r\n', 30, 0, 30, 120, '0'),
(29, 'cot.jpg', 'Sen cột', '2_CCSD', 'Cây', '5-10cm', 'Đà Lạt', '<p><strong>Sen Đ&aacute; Đền Phật&nbsp;</strong>c&oacute; t&ecirc;n tiếng Anh l&agrave;<strong>&nbsp;Crassula columnaris Buddha temple</strong>&nbsp;được gọi l&agrave;&nbsp;<strong>Đền Phật</strong>&nbsp;l&agrave; h&igrave;nh d&aacute;ng đặt biệt của n&oacute;. C&acirc;y ph&aacute;t triển dưới dạng khối trụ vu&ocirc;ng d&agrave;y đặc l&aacute; như những chiếc cột đ&aacute; trong những ng&ocirc;i đền cổ ng&agrave;y xưa. Đ&acirc;y l&agrave; một loại c&acirc;y mọng nước rất hiếm từ Nam Phi.&nbsp;</p>\r\n\r\n<p>Sen đ&aacute; mặt nạ c&oacute; &yacute; nghĩa mong muốn người được nhận hoặc l&agrave; tự bản th&acirc;n tự nhủ với m&igrave;nh h&atilde;y lu&ocirc;n sống thật với c&aacute; t&iacute;nh v&agrave; phong c&aacute;ch của m&igrave;nh. C&acirc;y thường ph&ugrave; hợp trồng th&ecirc;m với tiểu cảnh hoặc c&aacute;ch c&acirc;y sen đ&aacute; kh&aacute;c.</p>\r\n', 20, 0, 20, 20, '1'),
(30, 'denphat.jpg', 'Sen đá đèn phật', '2_CCSD', 'Cây', '5-10cm', 'Đà Lạt', '<p>&nbsp;</p>\r\n\r\n<p><strong>Giới thiệu c&acirc;y Sen Đ&aacute; Đền Phật</strong></p>\r\n\r\n<ul>\r\n	<li>T&ecirc;n Tiếng Anh: <strong>Crassula columnaris Buddha temple</strong></li>\r\n	<li>T&ecirc;n Khoa học: Crassula &lsquo;Buddha Temple&rsquo;</li>\r\n	<li>Họ: Crassulaceae</li>\r\n	<li>Xuất xứ: Nam Phi</li>\r\n</ul>\r\n\r\n<p><strong>Đặc điểm</strong></p>\r\n\r\n<ul>\r\n	<li>C&acirc;y ph&aacute;t triển dưới dạng khối trụ vu&ocirc;ng d&agrave;y đặc l&aacute; như những chiếc cột đ&aacute; trong những ng&ocirc;i đền cổ ng&agrave;y xưa.</li>\r\n	<li>Đ&acirc;y l&agrave; một loại c&acirc;y mọng nước. L&aacute; phẳng, h&igrave;nh tim, m&agrave;u x&aacute;m bạc đến xanh x&aacute;m v&agrave; được bao phủ bởi một lớp phấn phủ</li>\r\n</ul>\r\n\r\n<p><strong>&Yacute; nghĩa phong thủy</strong></p>\r\n\r\n<ul>\r\n	<li>Tượng trưng cho sức sống mạnh mẽ m&agrave; c&ograve;n thể hiện sự bền bỉ, &yacute; ch&iacute; quật cường theo thời gian.</li>\r\n	<li>C&oacute; &yacute; nghĩa phong thủy đem lại may mắn v&agrave; t&agrave;i lộc cho gia chủ.</li>\r\n	<li>Phổ biến với &yacute; nghĩa thể hiện cho sự bền l&acirc;u, vĩnh cửu, th&iacute;ch hợp tặng cho những người th&acirc;n y&ecirc;u.</li>\r\n</ul>\r\n\r\n<p><strong>C&ocirc;ng dụng</strong></p>\r\n\r\n<ul>\r\n	<li>Sen đ&aacute; rất dễ trồng v&agrave; chăm s&oacute;c, thường được trồng trong những chiếc chậu nhỏ xinh xắn, bắt mắt để trong ph&ograve;ng kh&aacute;ch hoặc d&ugrave;ng trang tr&iacute; qu&aacute;n caf&eacute;.</li>\r\n	<li>Chỉ cần ngắm những chậu c&acirc;y nhỏ nhắn c&oacute; đầy sức sống, cứng c&aacute;p n&agrave;y mệt mỏi của bạn sẽ tan biến đi.</li>\r\n</ul>\r\n\r\n<p><strong>C&aacute;ch trồng</strong></p>\r\n\r\n<ul>\r\n	<li>&Aacute;nh s&aacute;ng: th&iacute;ch nắng ấm &aacute;p quanh năm suốt th&aacute;ng, cố gắng tr&aacute;nh &aacute;nh nắng gắt gỏng ch&oacute;i lo&aacute; v&agrave; nắng h&egrave;</li>\r\n	<li>Nhiệt độ: kh&ocirc;ng quen với thời tiết lạnh v&agrave; sẽ chết sớm nếu ở nơi c&oacute; nhiệt độ m&aacute;t như ngăn đ&aacute; tủ lạnh, nhiệt độ c&acirc;y kh&ocirc;ng chịu được l&agrave; dưới 5 độ C v&agrave; tr&ecirc;n 40 độ C</li>\r\n	<li>Nước: tr&aacute;nh tưới nước trực tiếp n&ecirc;n c&acirc;y v&igrave; l&aacute; c&acirc;y c&oacute; một lớp phấn mỏng, bạn c&oacute; thể phun sương hoặc tưới xung quang gốc, ở b&ecirc;n th&agrave;nh chậu để nước ngấm dần</li>\r\n	<li>Đất: th&ocirc;ng tho&aacute;ng v&agrave; c&oacute; dưỡng chất để dễ c&oacute; thể ph&aacute;t triển v&agrave; tho&aacute;t nước nhanh tr&aacute;nh t&igrave;nh trạng bị &uacute;ng</li>\r\n</ul>\r\n\r\n<p>&nbsp;</p>\r\n', 20, 0, 20, 20, '0'),
(31, 'xrbonggon.jpg', 'Xương rồng bông gòn', '3_SRC', 'Cây', '20-30cm', 'Đà Lạt', '<p><strong>XƯƠNG RỒNG B&Ocirc;NG G&Ograve;N</strong></p>\r\n\r\n<p>C&acirc;y Xương Rồng B&ocirc;ng G&ograve;n c&oacute; t&ecirc;n ch&iacute;nh x&aacute;c l&agrave;&nbsp;Mammillaria Plumosa&nbsp;ch&iacute;nh v&igrave; t&ecirc;n của n&oacute; kh&aacute; kh&oacute; gọi m&agrave; về Việt Nam,&nbsp;người d&acirc;n dựa tr&ecirc;n&nbsp;đặc&nbsp;điểm của c&acirc;y m&agrave;&nbsp;đặt cho lo&agrave;i xương rồng n&agrave;y c&aacute;i t&ecirc;n l&agrave; Xương Rồng B&ocirc;ng G&ograve;n. C&acirc;y ph&ugrave; hợp&nbsp;để b&agrave;n, qu&agrave; tặng, trang tr&iacute; qu&aacute;n c&agrave; ph&ecirc;, c&aacute;c g&oacute;c nhỏ&hellip;</p>\r\n\r\n<h2><strong>Đặc điểm:</strong></h2>\r\n\r\n<p><strong>C&acirc;y Xương Rồng B&ocirc;ng G&ograve;n</strong>: Giới (regnum) Plantae, thuộc bộ (ordo) Caryophyllales, họ (familia) Cactaceae, t&ocirc;ng (tribus) Cacteae Ph&acirc;n t&ocirc;ng (subtribus) Cactinae Chi (genus) Mammillaria Lo&agrave;i (species) M. plumosa. C&acirc;y c&oacute; h&igrave;nh tr&ograve;n v&agrave; được bao phủ bằng một lớp gai trắng mềm, kh&ocirc;ng cứng, c&acirc;y ph&aacute;t triển theo bụi. Xương Rồng B&ocirc;ng G&ograve;n&nbsp;c&oacute; hoa nhỏ m&agrave;u trắng, hồng hoăc v&agrave;ng.</p>\r\n', 30, 0, 30, 30, '1'),
(32, 'xrbongtrungchim.jpg', 'Xương rồng trứng cút', '3_SRC', 'Cây', '20-30cm', 'Đà Lạt', '<p>M&Ocirc; TẢ SẢN PHẨM: - &Yacute; nghĩa c&acirc;y: Xương rồng l&agrave; những lo&agrave;i c&acirc;y c&oacute; sức sống mạnh mẽ, tượng trưng cho t&igrave;nh bạn, t&igrave;nh y&ecirc;u son sắt. - K&iacute;ch thước c&acirc;y như h&igrave;nh ảnh minh họa - Để đảm bảo an to&agrave;n khi vận chuyển, c&acirc;y sẽ được bọc giấy mềm trước khi đ&oacute;ng g&oacute;i. - C&acirc;y c&oacute; thể c&oacute; 1 v&agrave;i sai kh&aacute;c so với h&igrave;nh ảnh b&agrave;i đăng. Tuy nhi&ecirc;n c&aacute;c bạn c&oacute; thể y&ecirc;n t&acirc;m, ch&uacute;ng t&ocirc;i sẽ cố gắng chọn lựa những c&acirc;y đẹp nhất để đảm bảo uy t&iacute;n - CHĂM S&Oacute;C C&Acirc;Y: + Vị tr&iacute; đặt c&acirc;y, &aacute;nh s&aacute;ng: Xương rồng l&agrave; lo&agrave;i c&acirc;y ưa s&aacute;ng, do đ&oacute; th&iacute;ch hợp để lan can, cửa sổ hoặc s&acirc;n thượng. Nếu để trong nh&agrave; th&igrave; 1,2 ng&agrave;y phải mang ra ngo&agrave;i trời 1 lần để c&acirc;y ph&aacute;t triển tốt. + Đất trồng: đất cần tơi xốp, tho&aacute;t nước nhanh. + Nước tưới: Xương rồng l&agrave; lo&agrave;i c&acirc;y ưa kh&ocirc;, do đ&oacute; cần tưới với lượng nước vừa phải, c&oacute; thể 2 - 3 ng&agrave;y tưới nước 1 lần. . Trường hợp để xương rồng trong nh&agrave; th&igrave; kh&ocirc;ng n&ecirc;n tưới nước. Về m&ugrave;a h&egrave; l&agrave; thời gian c&acirc;y ph&aacute;t triển th&igrave; tưới nhiều nước, m&ugrave;a đ&ocirc;ng th&igrave; cần hạn chế nước tưới. + Nhiệt độ: Xương rồng l&agrave; lo&agrave;i c&acirc;y th&iacute;ch nghi kh&iacute; hậu n&oacute;ng, do đ&oacute; m&ugrave;a h&egrave; c&acirc;y ph&aacute;t triển mạnh hơn m&ugrave;a đ&ocirc;ng. M&ugrave;a h&egrave; ta c&oacute; thể tưới nước, b&oacute;n ph&acirc;n cho c&acirc;y ph&aacute;t triển nhanh, c&ograve;n m&ugrave;a đ&ocirc;ng n&ecirc;n hạn chế. + B&oacute;n ph&acirc;n: Tuyệt đối kh&ocirc;ng d&ugrave;ng ph&acirc;n h&oacute;a học b&oacute;n cho c&acirc;y</p>\r\n', 30, 0, 30, 55, '1'),
(34, 'ángutron.jpg', 'Chậu sứ tròn', '4_CC', 'Cái', '20-30cm', 'Hà Nội', '', 30, 0, 30, 55, '1'),
(35, 'comini.jpg', 'Cây cọ mini', '1_CCTN', 'Cây', '20-30cm', 'Hà Nội', '<p><strong>Giới thiệu c&acirc;y Cọ Mini</strong></p>\r\n\r\n<ul>\r\n	<li>T&ecirc;n kh&aacute;c: C&acirc;y Cọ L&ugrave;n</li>\r\n	<li>T&ecirc;n Tiếng Anh: <strong>Palm tree</strong></li>\r\n	<li>T&ecirc;n khoa học: Rhapis Excelsa</li>\r\n	<li>Họ: Arecaceae</li>\r\n	<li>Xuất xứ: Ph&aacute;p</li>\r\n</ul>\r\n\r\n<p><strong>Đặc điểm</strong></p>\r\n\r\n<ul>\r\n	<li>Th&acirc;n: Thuộc loại c&acirc;y th&acirc;n gỗ, dạng cột, h&igrave;nh d&aacute;ng thẳng đứng, th&acirc;n c&acirc;y c&oacute; nhiều sẹo do l&aacute; rụng để lại v&agrave; c&oacute; m&agrave;u x&aacute;m.</li>\r\n	<li>T&aacute;n: c&aacute;c l&aacute; rủ xuống bao quanh c&acirc;y tạo th&agrave;nh t&aacute;n l&agrave; c&oacute; h&igrave;nh dạng như một chiếc quạt lớn.</li>\r\n	<li>L&aacute;: L&aacute; của c&acirc;y cọ cảnh mọc tập trung ở đỉnh của c&acirc;y. C&oacute; m&agrave;u xanh b&oacute;ng nổi bật g&acirc;n ch&acirc;n vịt, đầu thủy l&otilde;m lại th&agrave;nh 2 phiến nhỏ. M&eacute;p l&aacute; c&oacute; h&igrave;nh răng cưa, bề mặt l&aacute; th&igrave; xếp th&agrave;nh nếp.</li>\r\n	<li>Hoa:C&oacute; cụm hoa đơn t&iacute;nh c&ugrave;ng gốc, trong đ&oacute; hoa đực nằm tr&ecirc;n, b&ocirc;ng h&igrave;nh trụ d&agrave;i v&agrave; c&oacute; m&agrave;u n&acirc;u đỏ, c&ograve;n hoa c&aacute;i lại c&oacute; h&igrave;nh cầu m&agrave;u xanh.</li>\r\n	<li>Quả :Quả của c&acirc;y cọ cảnh c&oacute; h&igrave;nh cầu nhỏ m&agrave;u lục.</li>\r\n</ul>\r\n\r\n<p><strong>&Yacute; nghĩa phong thủy</strong></p>\r\n\r\n<ul>\r\n	<li>Mang h&igrave;nh d&aacute;ng tr&ograve;n trịa đầy đặn, c&acirc;y cọ cảnh c&oacute; &yacute; nghĩa l&agrave; đem đến niềm vui sự hy vọng may mắn v&agrave; t&agrave;i lộc cho gia chủ.</li>\r\n	<li>L&aacute; Cọ tựa như một chiếc quạt lớn xua đi những điềm xấu, những điều kh&ocirc;ng may v&agrave; mang lại sự an l&agrave;nh &ndash; sinh t&agrave;i giữ của.</li>\r\n	<li>Th&acirc;n cọ thẳng đứng vươn cao đội k&egrave;m những c&aacute;i lọng xanh mượt m&agrave; c&oacute; vẻ đẹp mướt mắt, mang đến cho người chơi một kh&ocirc;ng gian ngập tr&agrave;n sức sống.</li>\r\n</ul>\r\n\r\n<p><strong>C&ocirc;ng dụng</strong></p>\r\n\r\n<ul>\r\n	<li>Người chơi thường dựa tr&ecirc;n h&igrave;nh d&aacute;ng nhỏ b&eacute; của c&acirc;y cọ cảnh để kết hợp với b&igrave;nh thủy tinh hoặc những b&aacute;t sứ chậu sứ nhỏ xinh để trang tr&iacute; g&oacute;c học tập hay b&agrave;n l&agrave;m việc của m&igrave;nh.</li>\r\n	<li>B&ecirc;n cạnh đ&oacute; 1 v&agrave;i chậu c&acirc;y Cọ cảnh đặt ở ban c&ocirc;ng sẽ c&ugrave;ng với những lo&agrave;i kh&aacute;c t&ocirc; thắm th&ecirc;m ng&ocirc;i nh&agrave; của bạn.</li>\r\n</ul>\r\n\r\n<p><strong>C&aacute;ch trồng</strong></p>\r\n\r\n<ul>\r\n	<li>&Aacute;nh s&aacute;ng: Kh&ocirc;ng đặt c&acirc;y ở nơi qu&aacute; tối hoặc qu&aacute; nhiều &aacute;nh nắng, ưa ánh sáng nhẹ n&ecirc;n trong m&ocirc;̣t ngày n&ecirc;n cho c&acirc;y ra ngoài ánh sáng khoảng 6-8 ti&ecirc;́ng</li>\r\n	<li>Nhiệt độ: 18-28 đ&ocirc;̣ C</li>\r\n	<li>Nước: n&ecirc;n tưới nước khi bề mặt đất đ&atilde; se kh&ocirc;, tr&aacute;nh trường hợp tưới qu&aacute; nhiều nước c&acirc;y sẽ ngập &uacute;ng v&agrave; thối, hợp l&yacute; nhất l&agrave; 2-3 lần/1 tuần</li>\r\n	<li>Đất: C&acirc;y cọ thuộc loại th&acirc;n gỗ v&igrave; vậy ưa đất thịt, nhiều m&ugrave;n, hữu cơ v&agrave; tho&aacute;t nước tốt. Khi trồng bạn nhớ đặt sỏi hoặc vi&ecirc;n gạch to để chắn ở lỗ tho&aacute;t nước l&agrave;m chậu kh&ocirc;ng bị v&iacute;t lỗ v&agrave; tho&aacute;t nước tốt.</li>\r\n</ul>\r\n', 30, 0, 30, 100, '0'),
(36, 'binhhoa.jpg', 'Bình hoa mây', '4_CC', 'Cái', '15-25cm', 'Hà Nội', '', 30, 0, 30, 75, '1'),
(37, 'daidevuong.jpg', 'Đại đế vương', '1_CCTN', 'Cây', '20-30cm', 'Hà Nội', '<p><strong>Giới thiệu c&acirc;y Đại Đế Vương</strong></p>\r\n\r\n<ul>\r\n	<li>T&ecirc;n kh&aacute;c: &nbsp;C&acirc;y trầu b&agrave; đế vương</li>\r\n	<li>T&ecirc;n Tiếng Anh: Philodendron Imperial</li>\r\n	<li>T&ecirc;n khoa học: Philodendro erubescens</li>\r\n	<li>Họ: Araceae</li>\r\n	<li>Xuất xứ: Ch&acirc;u Mỹ</li>\r\n</ul>\r\n\r\n<p><strong>Đặc điểm</strong></p>\r\n\r\n<ul>\r\n	<li>C&acirc;y thường sử dụng trong trang tr&iacute; nội thất nh&agrave; ở, văn ph&ograve;ng, ph&ograve;ng hội nghị, ph&ograve;ng họp lớn, ph&ograve;ng kh&aacute;ch lớn, cao từ 60-80cm, đường k&iacute;nh t&aacute;n c&oacute; thể l&ecirc;n tới 90-120cm, c&acirc;y c&oacute; khoảng từ 18-25 l&aacute; rất đẹp.</li>\r\n	<li>Th&acirc;n cao cao v&agrave; thu&ocirc;n, thanh mảnh,&nbsp; to đều, c&oacute; đốt thưa, mềm, bản l&aacute; to d&agrave;y, khỏe v&agrave; cứng c&aacute;p, l&aacute; d&agrave;i khoảng từ 20-25 cm, rộng từ 5-15cm, đầu l&aacute; thu&ocirc;n d&agrave;i, v&agrave; c&oacute; h&igrave;nh tr&aacute;i tim ở gốc l&aacute;.</li>\r\n	<li>Tr&ecirc;n mặt l&aacute; nếu l&agrave; Đại Đế Vương xanh th&igrave; c&oacute; m&agrave;u xanh b&oacute;ng, g&acirc;n nổi r&otilde;, m&eacute;p l&aacute; lượn s&oacute;ng, l&aacute; non co nhiều m&agrave;u từ lục v&agrave;ng, cam, đỏ, l&aacute; gi&agrave; m&agrave;u lục nhạt, cuống d&agrave;i, gốc c&oacute; bẹ &ocirc;m th&acirc;n. Hoa nở th&agrave;nh cụm dạng b&ocirc;ng d&agrave;y, mo nhỏ, dạng bầu dục m&agrave;u v&agrave;ng hơn xanh nhạt.</li>\r\n</ul>\r\n\r\n<p><strong>&Yacute; nghĩa phong thủy</strong></p>\r\n\r\n<ul>\r\n	<li>Gi&uacute;p xua đi t&agrave; ma, chướng kh&iacute; v&agrave; g&oacute;p phần mang lại sức khỏe, sự thanh b&igrave;nh trong t&acirc;m hồn, mang lại cảm gi&aacute;c thư th&aacute;i cho con người sau những&nbsp;giờ l&agrave;m việc căng thẳng mệt mỏi&hellip;</li>\r\n	<li>Mang &yacute; nghĩa quyền lực cao qu&yacute;, ph&ugrave; hợp cho người muốn sự may mắn v&agrave; th&agrave;nh c&ocirc;ng trong sự nghiệp</li>\r\n</ul>\r\n\r\n<p><strong>C&ocirc;ng dụng</strong></p>\r\n\r\n<ul>\r\n	<li>Gi&uacute;p thanh lọc kh&ocirc;ng kh&iacute;,<strong>&nbsp;</strong>trang tr&iacute; nội thất, văn ph&ograve;ng, sảnh, nh&agrave; h&agrave;ng, kh&aacute;ch sạn, qu&aacute;n c&agrave; ph&ecirc;&hellip;</li>\r\n</ul>\r\n\r\n<p><strong>C&aacute;ch trồng</strong></p>\r\n\r\n<ul>\r\n	<li>&Aacute;nh s&aacute;ng: C&acirc;y thuộc dạng kh&ocirc;ng chịu &aacute;nh s&aacute;ng mạnh n&ecirc;n việc trồng c&acirc;y ở những nơi c&oacute; &aacute;nh s&aacute;ng trung b&igrave;nh như kh&ocirc;ng gian nội thất v&agrave;&nbsp;<strong>văn ph&ograve;ng</strong>&nbsp;l&agrave; th&iacute;ch hợp.</li>\r\n	<li>Nhiệt độ: 20-50 độ C</li>\r\n	<li>Nước: v&agrave;o m&ugrave;a h&egrave; th&igrave; cần tưới 1 ng&agrave;y 1 lần, v&agrave;o m&ugrave;a thời tiết m&aacute;t mẻ c&oacute; thể tưới 3 ng&agrave;y 1 lần</li>\r\n	<li>Đất: Giữ cho đất ẩm v&agrave; tơi xốp, kh&ocirc;ng để đất bị kh&ocirc; hoặc bị &uacute;ng sẽ ảnh hưởng tới sự tươi xanh của l&aacute; v&agrave; sự ph&aacute;t triển của c&acirc;y. B&oacute;n ph&acirc;n định kỳ một th&aacute;ng một lần với liều lượng &iacute;t, c&oacute; thể sử dụng ph&acirc;n b&oacute;n Ur&ecirc;, Ba l&aacute; xanh, NPK đều được.</li>\r\n</ul>\r\n\r\n<p>&nbsp;</p>\r\n', 30, 0, 30, 120, '0');
INSERT INTO `products` (`productCode`, `productImage`, `productName`, `productLineCode`, `Unit`, `Size`, `productVender`, `productDecription`, `quantityEntered`, `quantitySold`, `quantityInStock`, `buyPrice`, `status`) VALUES
(38, 'devuong.jpg', 'Sen đế vương', '2_CCSD', 'Cây', '10-15cm', 'Hà Nội', '<p><strong>Giới thiệu c&acirc;y Sen Đ&aacute; Đế Vương</strong></p>\r\n\r\n<ul>\r\n	<li>T&ecirc;n kh&aacute;c: sen đ&aacute; viền đỏ, sen đ&aacute; &aacute;nh đỏ</li>\r\n	<li>T&ecirc;n Tiếng Anh: Lipstick</li>\r\n	<li>T&ecirc;n khoa học: Echeveria Agavoides</li>\r\n	<li>Họ: Crassulaceae</li>\r\n	<li>Xuất xứ: Mexico, Trung Mỹ v&agrave; một số v&ugrave;ng ở Nam Mỹ</li>\r\n</ul>\r\n\r\n<p><strong>Đặc điểm</strong></p>\r\n\r\n<ul>\r\n	<li>L&aacute; m&agrave;u xanh đẹp mắt, d&agrave;y, nhọn v&agrave; c&oacute; m&agrave;u đỏ ở đỉnh l&aacute; (n&ecirc;n c&ograve;n gọi l&aacute; &aacute;nh đỏ). C&agrave;ng tiếp x&uacute;c với nắng nhiều th&igrave; phần đỉnh l&aacute; c&agrave;ng đỏ (trạng th&aacute;i căng thẳng).</li>\r\n	<li>Hoa m&agrave;u đỏ với đầu m&agrave;u v&agrave;ng.&nbsp;C&acirc;y trưởng th&agrave;nh c&oacute; thể ra hoa quanh năm</li>\r\n</ul>\r\n\r\n<p><strong>&Yacute; nghĩa phong thủy</strong></p>\r\n\r\n<ul>\r\n	<li>Mang &yacute; nghĩa cho một&nbsp;<strong>t&igrave;nh y&ecirc;u v&agrave;</strong><strong>&nbsp;</strong><strong>t&igrave;nh bạn vĩnh cửu&nbsp;</strong></li>\r\n	<li>C&oacute; &yacute; nghĩa may mắn đem đến t&agrave;i lộc cho gia chủ.&nbsp;</li>\r\n</ul>\r\n\r\n<p><strong>C&ocirc;ng dụng</strong></p>\r\n\r\n<ul>\r\n	<li>Trang tr&iacute; b&agrave;n l&agrave;m việc, b&agrave;n ăn, qu&aacute;n c&agrave; ph&ecirc;,&hellip;.</li>\r\n	<li>Giảm tia bức xạ thiết bị điện tử</li>\r\n</ul>\r\n\r\n<p><strong>C&aacute;ch trồng</strong></p>\r\n\r\n<ul>\r\n	<li>&Aacute;nh s&aacute;ng: để c&acirc;y tiếp x&uacute;c với &aacute;nh s&aacute;ng mặt trời, nhưng nắng nhẹ như buổi s&aacute;ng sớm hoặc buổi chiều</li>\r\n	<li>Nhiệt độ: 7&deg;C&ndash;24&deg;C. Chịu lạnh tốt.</li>\r\n	<li>Nước: chỉ cần tưới nước vừa đủ&nbsp;<strong>2 - 3 lần/ tuần</strong>, kh&ocirc;ng tưới qu&aacute; nhiều nước</li>\r\n	<li>Đất: tươi xốp c&oacute; khả năng tho&aacute;t nước cao, c&oacute; độ m&ugrave;n cao, c&oacute; thể mua loại đất tribat mặt tr&ecirc;n c&oacute; thể dải sỏi để dễ tho&aacute;t nước, hoặc lấy xỉ than tổ ong đun rồi đập vụn rồi trộn với tro.</li>\r\n</ul>\r\n\r\n<p>&nbsp;</p>\r\n', 20, 0, 20, 55, '0'),
(39, 'quatrung.jpg', 'Chậu quả trứng', '4_CC', 'Cái', '10-15cm', 'Hà Nội', '', 30, 0, 30, 25, '1'),
(40, 'thuongxuan.jpg', 'Thường xuân', '1_CCTN', 'Cây', '20-30cm', 'Hà Nội', '<p><strong>Giới thiệu c&acirc;y Thường Xu&acirc;n</strong></p>\r\n\r\n<ul>\r\n	<li>T&ecirc;n kh&aacute;c: c&acirc;y Trường Xu&acirc;n, c&acirc;y cảnh d&acirc;y Nguyệt Quế, c&acirc;y d&acirc;y l&aacute; Nho hay c&acirc;y Vạn Ni&ecirc;n,..</li>\r\n	<li>T&ecirc;n Tiếng Anh: ivy</li>\r\n	<li>T&ecirc;n khoa học: <em>Hedera Helix</em></li>\r\n	<li>Họ: Araliaceae</li>\r\n	<li>Xuất xứ: T&acirc;y &Acirc;u, Ch&acirc;u &Acirc;u</li>\r\n</ul>\r\n\r\n<p><strong>Đặc điểm</strong></p>\r\n\r\n<ul>\r\n	<li>Th&acirc;n c&acirc;y c&oacute; nhiều đốt v&agrave; ở mỗi đốt sẽ c&oacute; l&aacute;, rễ ph&aacute;t triển gi&uacute;p c&acirc;y b&aacute;m chắc hơn. Đối với c&aacute;c c&agrave;nh non thường c&oacute; l&ocirc;ng phủ dạng vảy.</li>\r\n	<li>L&aacute; c&acirc;y m&agrave;u xanh, khi nhỏ c&oacute; m&agrave;u nhạt v&agrave; c&agrave;ng trưởng th&agrave;nh m&agrave;u sắc c&agrave;ng đậm.</li>\r\n	<li>Hoa của&nbsp;c&acirc;y thường xu&acirc;n&nbsp;c&oacute; v&agrave;o đầu m&ugrave;a. Hoa nhỏ c&oacute; 5 c&aacute;nh, c&aacute;c c&aacute;nh hoa c&oacute; đặc điểm chụm lại như h&igrave;nh chiếc &ocirc;. Hoa c&oacute; m&agrave;u v&agrave;ng nhạt, c&oacute; hương thơm thoang thoảng nhẹ.</li>\r\n	<li>Quả của c&acirc;y c&oacute; m&agrave;u hơi đỏ hoặc m&agrave;u v&agrave;ng. Ở mỗi vị tr&iacute; trồng kh&aacute;c nhau sẽ quyết định lượng hoa, quả sẽ kh&aacute;c nhau.</li>\r\n</ul>\r\n\r\n<p><strong>&Yacute; nghĩa phong thủy</strong></p>\r\n\r\n<ul>\r\n	<li>Được coi như vật thể may mắn c&oacute; thể mang lại tiền t&agrave;i, địa vị</li>\r\n	<li>Mang lại b&igrave;nh y&ecirc;n cho gia chủ, chống lại ta ma, bảo vệ khỏi điềm dữ</li>\r\n</ul>\r\n\r\n<p><strong>C&ocirc;ng dụng</strong></p>\r\n\r\n<ul>\r\n	<li>L&agrave; loại c&acirc;y cảnh được trồng để trang tr&iacute;, l&agrave;m h&agrave;ng r&agrave;o.</li>\r\n	<li>Hay được trồng để l&agrave;m b&oacute;ng m&aacute;t. M&agrave; loại c&acirc;y n&agrave;y c&ograve;n c&oacute; rất nhiều lợi &iacute;ch cũng như nhiều c&ocirc;ng dụng tuyệt vời trong việc hỗ trợ trị bệnh.</li>\r\n</ul>\r\n\r\n<p><strong>C&aacute;ch trồng</strong></p>\r\n\r\n<ul>\r\n	<li>&Aacute;nh s&aacute;ng: chịu được &aacute;nh s&aacute;ng mặt trời trực tiếp nhưng n&ecirc;n để ở nơi c&oacute; &aacute;nh s&aacute;ng vừa phải</li>\r\n	<li>Nhiệt độ: ưa m&aacute;t mẻ, chịu lạnh tốt, kỵ m&ocirc;i trường nhiệt độ cao &gt; 30 độ C, m&ugrave;a đ&ocirc;ng n&ecirc;n duy tr&igrave; ở nhiệt độ từ 10 &ndash; 18 độ C</li>\r\n	<li>Nước: Ưa ẩm, n&ecirc;n sử dụng c&aacute;ch phun nước l&ecirc;n bề mặt l&aacute;. Nếu lượng nước kh&ocirc;ng đủ c&acirc;y sẽ dễ bị rụng l&aacute;, nhưng nếu tưới qu&aacute; nhiều cũng l&agrave;m thối rễ</li>\r\n	<li>Đất: hường d&ugrave;ng loại đất m&agrave;u mỡ, tơi xốp, như hỗn hợp đ&aacute;t m&ugrave;n v&agrave; đất vườn để trồng loại c&acirc;y cảnh n&agrave;y, cũng c&oacute; thể d&ugrave;ng hỗn hợp đất m&ugrave;n, than b&ugrave;n, đất c&aacute;t hạt nhỏ v&agrave; c&aacute;c loại ph&acirc;n l&oacute;t để trồng c&acirc;y.</li>\r\n</ul>\r\n', 30, 0, 30, 20, '0'),
(41, 'xrtrucngoc.jpg', 'Xương rồng trúc ngọc', '3_SRC', 'Cây', '20-30cm', 'Ninh Bình', '', 30, 0, 30, 45, '1'),
(42, 'chaudatnung.jpg', 'Chậu đất nung', '4_CC', 'Cái', '10-15cm', 'Đà Lạt', '', 30, 0, 30, 20, '1'),
(43, 'sudia.jpg', 'Chậu sứ đĩa', '4_CC', 'Cái', '5-10cm', 'Đà Lạt', '', 30, 0, 30, 15, '1'),
(44, 'daiphu.jpg', 'Cây đại phú', '1_CCTN', 'Cây', '10-40cm', 'Hà Nội', '<p><strong>Giới thiệu c&acirc;y Đại Ph&uacute;</strong></p>\r\n\r\n<ul>\r\n	<li>T&ecirc;n kh&aacute;c: <strong>c&acirc;y</strong><strong>&nbsp;</strong><strong>Đại Ph&uacute; Qu&yacute;, c&acirc;y Đại Ph&uacute; Gia</strong></li>\r\n	<li>T&ecirc;n khoa học: <em>Aglaoocma sp</em></li>\r\n	<li>Họ: Araceae</li>\r\n	<li>Xuất xứ: Ch&acirc;u &Aacute;</li>\r\n</ul>\r\n\r\n<p><strong>Đặc điểm</strong></p>\r\n\r\n<ul>\r\n	<li>&nbsp;<em>Th&acirc;n c&acirc;y</em>&nbsp;h&igrave;nh trụ, mập, tr&ograve;n m&agrave;u xanh c&oacute; đốt giống c&acirc;y tre. Trong điều kiện tốt th&acirc;n c&acirc;y c&oacute; thể cao từ 1 tới hơn 2m.</li>\r\n	<li><em>Hoa của c&acirc;y đại ph&uacute;</em>&nbsp;m&agrave;u trắng v&agrave; được bao bọc bởi ống giống như chiếc l&aacute; non.&nbsp;Hoa đại ph&uacute; gia c&oacute; m&ugrave;i hương rất nồng như m&ugrave;i s&acirc;m. C&acirc;y rất &iacute;t khi ra hoa</li>\r\n	<li><em>L&aacute; c&acirc;y</em>&nbsp;ph&acirc;n bố đều xung quanh c&acirc;y từ gốc tới ngọn, tập trung nhiều ở ngọn c&acirc;y. L&aacute; c&acirc;y đại ph&uacute; gia dạng bầu dục hơi thu&ocirc;n nhọn ở đầu, cuống l&aacute; mập, c&oacute; bẹ &ocirc;m th&acirc;n.<br />\r\n	L&aacute; c&oacute; m&agrave;u xanh b&oacute;ng d&agrave;y, g&acirc;n l&ocirc;ng chim. L&aacute; đại ph&uacute; gia kh&aacute; giống l&aacute; chuối.</li>\r\n</ul>\r\n\r\n<p><strong>&Yacute; nghĩa phong thủy</strong></p>\r\n\r\n<ul>\r\n	<li><a href=\"https://www.thegioicaycanhsaigon.com/cay-noi-that-van-phong/cay-dai-phu-gia.html\"><em>C&acirc;y đại ph&uacute; gia</em></a>&nbsp;mang &yacute; nghĩa về phong thủy đ&uacute;ng như t&ecirc;n gọi của n&oacute;.&nbsp;<strong>Đại ph&uacute;</strong>&nbsp;mang &yacute; nghĩa to lớn (đem lại nhiều sức mạnh ph&uacute; qu&yacute;)<br />\r\n	&nbsp;</li>\r\n	<li>C&acirc;y c&ograve;n thể hiện sự ki&ecirc;n cường, bất khuất gi&uacute;p bạn kinh doanh ng&agrave;y c&agrave;ng gi&agrave;u mạnh hơn.</li>\r\n</ul>\r\n\r\n<p><strong>C&ocirc;ng dụng</strong></p>\r\n\r\n<ul>\r\n	<li>Với những t&agrave;u l&aacute; to, cao xanh mướt c&oacute; t&aacute;c dụng thanh lọc kh&ocirc;ng kh&iacute; gi&uacute;p m&ocirc;i trường xung quanh trong l&agrave;nh.</li>\r\n	<li>C&acirc;y thường được sử dụng để trang tr&iacute; trong ph&ograve;ng l&agrave;m việc, ph&ograve;ng gi&aacute;m đốc...</li>\r\n	<li>Ngo&agrave;i ra c&acirc;y c&ograve;n được sử dụng l&agrave;m qu&agrave; tặng nh&acirc;n dịp khai trương c&ocirc;ng ty&hellip;</li>\r\n</ul>\r\n\r\n<p><strong>C&aacute;ch trồng</strong></p>\r\n\r\n<ul>\r\n	<li>&Aacute;nh s&aacute;ng: m&ocirc;i trường c&oacute; &aacute;nh s&aacute;ng thấp từ 50 tới 60%</li>\r\n	<li>Nhiệt độ: &nbsp;chịu được nhiệt độ từ 20 tới 25 độ C</li>\r\n	<li>Nước: tưới c&acirc;y một tuần tưới 2 lần</li>\r\n	<li>Đất: gi&agrave;u dinh dưỡng, khoảng 2 tới 3 th&aacute;ng b&oacute;n ph&acirc;n một lần, c&oacute; thể d&ugrave;ng ph&acirc;n hữu cơ vi sinh hoặc ph&acirc;n h&oacute;a học</li>\r\n</ul>\r\n', 30, 0, 30, 85, '0'),
(45, 'gacnai.jpg', 'Sen gạc nai', '2_CCSD', 'Cây', '5-10cm', 'Đà Lạt', '<p><strong>Giới thiệu c&acirc;y Sen Đ&aacute; Gạc Nai</strong></p>\r\n\r\n<ul>\r\n	<li>T&ecirc;n khoa học: Rhombophyllum Dolabriforme</li>\r\n	<li>Họ: Crassulaceae</li>\r\n	<li>Xuất xứ: Nam Phi</li>\r\n</ul>\r\n\r\n<p><strong>Đặc điểm</strong></p>\r\n\r\n<ul>\r\n	<li>C&acirc;y mọc th&agrave;nh bụi v&agrave; ph&acirc;n th&agrave;nh nhiều nh&aacute;nh.&nbsp;Lo&agrave;i sen đ&aacute; n&agrave;y c&oacute; h&igrave;nh d&aacute;ng nhỏ nhắn kh&aacute;c lạ n&ecirc;n được nhiều người t&igrave;m kiếm.</li>\r\n	<li>L&aacute; c&acirc;y c&oacute; m&agrave;u xanh lục nhẹ nh&agrave;ng mang đến cảm gi&aacute;c dễ chịu. Ch&uacute;ng c&oacute; h&igrave;nh dạng như chiếc sừng của những ch&uacute; nai nhỏ rất ngộ nghĩnh đ&aacute;ng y&ecirc;u.</li>\r\n	<li>Những b&ocirc;ng hoa của Sen Đ&aacute; Gạc Nai giống như hoa c&uacute;c c&oacute; đường k&iacute;nh khoảng 4 cm. Hoa c&oacute; m&agrave;u v&agrave;ng tươi rất bắt mắt.</li>\r\n</ul>\r\n\r\n<p><strong>&Yacute; nghĩa phong thủy</strong></p>\r\n\r\n<ul>\r\n	<li>C&acirc;y g&acirc;y ấn tượng bởi vẻ đẹp nhẹ nh&agrave;ng tinh tế nhưng lại c&oacute; sức sống tiềm t&agrave;ng mạnh mẽ. D&ugrave; điều kiện sống kh&aacute;c nhau, d&ugrave; kh&oacute; khăn nhưng ch&uacute;ng vẫn vươn l&ecirc;n mạnh mẽ. Từ sức sống của loại sen đ&aacute;, người ta quan niệm rằng mọi kh&oacute; khăn thử th&aacute;ch đều c&oacute; thể vượt qua miễn l&agrave; kh&ocirc;ng bỏ cuộc v&agrave; lu&ocirc;n cố gắng.</li>\r\n	<li>Sen Đ&aacute; Gạc Nai c&ograve;n c&oacute; &yacute; nghĩa mang đến may mắn, t&agrave;i lộc. C&acirc;y thường ra hoa v&agrave;o m&ugrave;a xu&acirc;n, c&oacute; m&agrave;u v&agrave;ng tươi l&agrave; biểu hiện cho những điều tốt l&agrave;nh, thuận lợi đến với gia chủ. Thường được đặt ở cửa h&agrave;ng, b&agrave;n l&agrave;m việc hoặc sử dụng l&agrave;m qu&agrave; tặng cho những người th&acirc;n y&ecirc;u thay cho lời ch&uacute;c may mắn, b&igrave;nh an v&agrave; thuận lợi.</li>\r\n</ul>\r\n\r\n<p><strong>C&ocirc;ng dụng</strong></p>\r\n\r\n<ul>\r\n	<li>Được sử dụng l&agrave;m c&acirc;y tiểu cảnh để trang tr&iacute; kh&ocirc;ng gian, c&oacute; thể sử dụng l&agrave;m c&acirc;y để b&agrave;n, trang tr&iacute; kệ s&aacute;ch, cửa sổ, ban c&ocirc;ng, s&acirc;n thượng,.. đặt ở qu&aacute;n c&agrave; ph&ecirc;, ph&ograve;ng tr&agrave;</li>\r\n	<li>Được ưa chuộng bởi khả năng thanh lọc kh&ocirc;ng kh&iacute; rất hiệu quả. Ch&uacute;ng g&oacute;p phần mang lại kh&ocirc;ng kh&iacute; trong l&agrave;nh, hạn chế ảnh hưởng của những chất c&oacute; hại tới sức khỏe con người.</li>\r\n	<li>C&oacute; khả năng giảm tia bức xạ từ thiết bị điện tử</li>\r\n</ul>\r\n\r\n<p><strong>C&aacute;ch trồng</strong></p>\r\n\r\n<ul>\r\n	<li>&Aacute;nh s&aacute;ng: m&ocirc;i trường nhiều &aacute;nh s&aacute;ng v&agrave; th&ocirc;ng gi&oacute;, cần đưa c&acirc;y ra phơi nắng khoảng 5 &ndash; 6 giờ/tuần, kh&ocirc;ng tiếp x&uacute;c trực tiếp với &aacute;nh nắng gắt</li>\r\n	<li>Nhiệt độ: 15-30 độ C</li>\r\n	<li>Nước: kh&ocirc;ng ưa nước, mỗi tuần tưới 1-2 lần</li>\r\n	<li>Đất: đất m&ugrave;n kh&ocirc;ng cần qu&aacute; nhiều dinh dưỡng</li>\r\n</ul>\r\n', 30, 0, 30, 10, '0'),
(46, 'thitbo.jpg', 'Sen thịt bò', '2_CCSD', 'Cây', '10-15cm', 'Đà Lạt', '<p><strong>Giới thiệu c&acirc;y Sen Đ&aacute; Thịt B&ograve;</strong></p>\r\n\r\n<ul>\r\n	<li>T&ecirc;n Tiếng Anh/ T&ecirc;n khoa học: Echeveria &lsquo;Linguas&rsquo;</li>\r\n	<li>Họ: Crassulaceae</li>\r\n	<li>Xuất xứ: Trung Mỹ, Mexico, Nam Mỹ</li>\r\n</ul>\r\n\r\n<p><strong>Đặc điểm</strong></p>\r\n\r\n<ul>\r\n	<li>Th&acirc;n c&acirc;y c&ograve;n non c&oacute; m&agrave;u đỏ t&iacute;a tựa như m&agrave;u thịt b&ograve;, h&ograve;a lẫn v&agrave;o nền xanh như những đ&oacute;a hoa ki&ecirc;u h&atilde;nh. Xương rồng rễ cọc, sức sống m&atilde;nh liệt, dễ trồng</li>\r\n</ul>\r\n\r\n<p><strong>&Yacute; nghĩa phong thủy</strong></p>\r\n\r\n<ul>\r\n	<li>&Yacute; nghĩa của c&acirc;y xương rồng trong cuộc sống thể hiện sự bền bỉ, sức sống m&atilde;nh liệt, khả năng chịu đựng cao. N&oacute; đại diện cho người mạnh mẽ, ki&ecirc;n định, sống bằng l&yacute; tr&iacute; v&agrave; c&oacute; thể vượt qua mọi ho&agrave;n cảnh kh&oacute; khăn, giống như &yacute; nghĩa của sen đ&aacute; &ndash; người bạn mọng nước nhỏ b&eacute;</li>\r\n</ul>\r\n\r\n<p><strong>C&ocirc;ng dụng</strong></p>\r\n\r\n<ul>\r\n	<li>Trang tr&iacute; cửa sổ hoặc đặt tạo điểm nhấn ở c&aacute;c vị tr&iacute; đắt địa như: b&agrave;n tiếp kh&aacute;ch; quầy lễ t&acirc;n; b&agrave;n học; g&oacute;c nh&agrave;&hellip;</li>\r\n</ul>\r\n\r\n<p><strong>C&aacute;ch trồng</strong></p>\r\n\r\n<ul>\r\n	<li>&Aacute;nh s&aacute;ng: ưa s&aacute;ng, th&iacute;ch hợp nơi nắng ho&agrave;n to&agrave;n đến một phần b&oacute;ng r&acirc;m</li>\r\n	<li>Nhiệt độ: nới c&oacute; kh&iacute; hậu m&aacute;t, &iacute;t chịu được sương gi&aacute; 32 độ F(0 độ C)</li>\r\n	<li>Nước: 7 ng&agrave;y tưới cho c&acirc;y một lần đối với thời tiết dịu m&aacute;t, c&ograve;n nếu nắng nhiều th&igrave; khoản 3 đến 4 ng&agrave;y ta tưới 1 lần</li>\r\n	<li>Đất: m&agrave;u mỡ v&agrave; dễ tho&aacute;t nước</li>\r\n</ul>\r\n\r\n<p>&nbsp;</p>\r\n', 30, 0, 30, 20, '0'),
(47, 'luoiho.jpg', 'Cây lưỡi hổ', '1_CCTN', 'Cây', '20-30cm', 'Hà Nội', '<p><strong>Giới thiệu c&acirc;y Lưỡi Hổ</strong></p>\r\n\r\n<ul>\r\n	<li>T&ecirc;n kh&aacute;c: <strong>&nbsp;</strong>C&acirc;y lưỡi cọp,&nbsp;c&acirc;y hổ vĩ, c&acirc;y hổ thiệt</li>\r\n	<li>T&ecirc;n Tiếng Anh: Snake plant&nbsp;</li>\r\n	<li>T&ecirc;n khoa học: Sansevieria hyacinthoides</li>\r\n	<li>Họ: Sansevieria&nbsp;</li>\r\n	<li>Xuất xứ: Nigeria</li>\r\n</ul>\r\n\r\n<p><strong>Đặc điểm</strong></p>\r\n\r\n<ul>\r\n	<li>Mặt l&aacute; nhẵn c&oacute; m&agrave;u xanh đậm với vết lốm đốm m&agrave;u x&aacute;m xanh l&aacute; c&acirc;y, m&eacute;p l&aacute; c&oacute; viền ngả m&agrave;u v&agrave;ng.</li>\r\n	<li>c&aacute;c c&agrave;nh mang hoa thẳng,&nbsp;&nbsp;mảnh mai&nbsp;v&agrave; thường ngắn hơn so với những chiếc l&aacute; . C&agrave;nh mang nhiều hoa trong một cụm k&eacute;o d&agrave;i gần đến ngọn. Những b&ocirc;ng hoa d&agrave;i từ 2. 5 đến 3 cm, c&oacute; m&agrave;u trắng, v&agrave;ng trắng hoặc hơi trắng xanh</li>\r\n	<li>C&acirc;y lưỡi hổ cho quả mọng nhỏ, h&igrave;nh tr&ograve;n đường k&iacute;nh từ 7 đến 9mm. Quả c&acirc;y lưỡi hổ chuyển từ m&agrave;u xanh sang m&agrave;u cam s&aacute;ng khi đ&atilde;&nbsp;ch&iacute;n mọng. Hạt c&oacute; m&agrave;u n&acirc;u nhạt, thu&ocirc;n d&agrave;i 6 ~ 7mm v&agrave; rộng 5mm</li>\r\n</ul>\r\n\r\n<p><strong>&Yacute; nghĩa phong thủy</strong></p>\r\n\r\n<ul>\r\n	<li>C&oacute; t&aacute;c dụng trừ t&agrave;, xua đuổi ma quỷ, những điều xui xẻo, xua đi b&ugrave;a ch&uacute;. L&aacute; c&acirc;y thường mọc thẳng thể hiện sự quyết đo&aacute;n, &yacute; ch&iacute; tiến l&ecirc;n cũng như sự ki&ecirc;n cường của người trồng.</li>\r\n	<li>C&acirc;y mang &yacute; nghĩa may mắn, gi&uacute;p gia chủ ph&aacute;t t&agrave;i, ph&aacute;t lộc, dồi d&agrave;o tiền bạc.</li>\r\n</ul>\r\n\r\n<p><strong>C&ocirc;ng dụng</strong></p>\r\n\r\n<ul>\r\n	<li>C&oacute; t&aacute;c dụng rất lớn trong việc thanh lọc kh&ocirc;ng kh&iacute; trong nh&agrave;, lọc kh&ocirc;ng kh&iacute; cả ban ng&agrave;y lẫn ban đ&ecirc;m rất tốt.</li>\r\n	<li>Khả năng thanh lọc kh&ocirc;ng kh&iacute; v&agrave; hấp thụ tới 107 loại độc tố trong m&ocirc;i trường. Nhất l&agrave; c&aacute;c chất g&acirc;y &ocirc; nhiễm m&ocirc;i trường v&agrave; kh&ocirc;ng kh&iacute;.</li>\r\n	<li>V&agrave;o ban đ&ecirc;m c&acirc;y sản sinh ra kh&iacute; O2 gi&uacute;p gia chủ thoải m&aacute;i v&agrave; ngủ s&acirc;u giấc hơn.</li>\r\n	<li>Kh&agrave;n tiếng, ho, vi&ecirc;m họng hay bị vi&ecirc;m tai giữa th&igrave; sử dụng c&acirc;y cũng gi&uacute;p l&agrave;nh bệnh một c&aacute;ch nhanh ch&oacute;ng.</li>\r\n</ul>\r\n\r\n<p><strong>C&aacute;ch trồng</strong></p>\r\n\r\n<ul>\r\n	<li>&Aacute;nh s&aacute;ng: ưa &aacute;nh s&aacute;ng v&agrave; &nbsp;chịu b&oacute;ng b&aacute;n phần, mọc nơi &aacute;nh s&aacute;ng nhẹ v&agrave; tr&aacute;nh &aacute;nh s&aacute;ng mặt trời đầy đủ v&agrave;o m&ugrave;a nắng</li>\r\n	<li>Nhiệt độ: &nbsp;kh&ocirc;ng dưới 13 độ</li>\r\n	<li>Nước: c&acirc;y c&oacute; khả năng chịu được kh&ocirc; hạn tốt, đất kh&ocirc; qu&aacute; bạn chỉ cần tưới đủ ẩm đất.</li>\r\n	<li>Đất: đất phải đầy đủ dinh dưỡng, cần b&oacute;n ph&acirc;n cho c&acirc;y khoảng 3 th&aacute;ng b&oacute;n 1 lần</li>\r\n</ul>\r\n', 30, 0, 30, 55, '0'),
(48, 'ngocngan.jpg', 'Cây ngọc ngân', '1_CCTN', 'Cây', '20-30cm', 'Hà Nội', '<p><strong>Giới thiệu c&acirc;y Ngọc Ng&acirc;n</strong></p>\r\n\r\n<ul>\r\n	<li>T&ecirc;n kh&aacute;c: Bụi c&acirc;y Ngọc Ng&acirc;n, c&acirc;y Valentine</li>\r\n	<li>T&ecirc;n Tiếng Anh: White Osaka Aglaonema</li>\r\n	<li>T&ecirc;n khoa học: Dieffenbachia Picta</li>\r\n	<li>Họ: Araceae</li>\r\n	<li>Xuất xứ: Nam Trung Quốc, Th&aacute;i Lan, Philippin, Malaysia, Indonesia&hellip;</li>\r\n</ul>\r\n\r\n<p><strong>Đặc điểm</strong></p>\r\n\r\n<ul>\r\n	<li>C&acirc;y hầu như kh&ocirc;ng c&oacute; th&acirc;n r&otilde; rệt, đẻ nh&aacute;nh nhiều</li>\r\n	<li>C&acirc;y chỉ cao khoảng 25-40 cm</li>\r\n	<li>L&aacute; h&igrave;nh bầu dục, bản rộng, ch&oacute;p l&aacute; nhọn, d&agrave;i khoảng 10-20 cm, rộng khoảng 7-10 cm. C&oacute; viền m&agrave;u xanh lục với đốm vệt trắng 80%. Cuống l&aacute; to b&egrave; &ocirc;m v&agrave;o nửa th&acirc;n c&acirc;y, cuống thường dai, mềm, c&oacute; nhiều nước, bẻ nhựa chảy ra g&acirc;y ngứa nhẹ</li>\r\n	<li>Hoa &iacute;t khi thấy, c&acirc;y gi&agrave; v&agrave; k&eacute;m chăm s&oacute;c mới nở hoa m&agrave;u trắng</li>\r\n</ul>\r\n\r\n<p><strong>&Yacute; nghĩa phong thủy</strong></p>\r\n\r\n<ul>\r\n	<li>Được mệnh danh l&agrave; c&acirc;y t&agrave;i lộc mang đến tiền t&agrave;i, may mắn v&agrave; thịnh vượng cho những ai sở hữu n&oacute;</li>\r\n	<li>C&acirc;y c&ograve;n c&oacute; t&ecirc;n l&agrave;&nbsp;c&acirc;y Valentine, do đ&oacute; n&oacute; được đại diện cho t&igrave;nh y&ecirc;u. Nhiều người mua c&acirc;y l&agrave;m qu&agrave; tặng trong dịp lễ t&igrave;nh nh&acirc;n để thể hiện t&acirc;m &yacute;, t&igrave;nh cảm ch&acirc;n th&agrave;nh của m&igrave;nh d&agrave;nh cho đối phương</li>\r\n</ul>\r\n\r\n<p><strong>C&ocirc;ng dụng</strong></p>\r\n\r\n<ul>\r\n	<li>Thường d&ugrave;ng c&acirc;y để b&agrave;n tr&agrave;, b&agrave;n l&agrave;m việc, b&agrave;n học, ph&ograve;ng học, lớp học&hellip;. để lọc , h&uacute;t bụi bẩn trong kh&ocirc;ng kh&iacute;, tạo oxi&hellip;</li>\r\n	<li>Trồng th&agrave;nh đường viền theo lối v&agrave;o cổng nh&agrave;, vườn hoa, cổng trường</li>\r\n	<li>L&agrave;m qu&agrave; tặng cho người th&acirc;n, bạn b&egrave; v&agrave;o dịp khai trương, sinh nhật&hellip;thay lời ch&uacute;c</li>\r\n</ul>\r\n\r\n<p><strong>C&aacute;ch trồng</strong></p>\r\n\r\n<ul>\r\n	<li>&Aacute;nh s&aacute;ng: &aacute;nh s&aacute;ng nhẹ hoặc b&oacute;ng r&acirc;m</li>\r\n	<li>Nhiệt độ: 18 &ndash; 26 độ C</li>\r\n	<li>Nước: tưới c&aacute;ch ng&agrave;y hoặc 2 ng&agrave;y 1 l&agrave;n l&agrave; được. M&ugrave;a đ&ocirc;ng cần giảm lượng nước tưới</li>\r\n	<li>Đất: đất tơi xốp, l&agrave;m gi&agrave;u dinh dưỡng bằng c&aacute;ch trộn đất với ph&acirc;n b&oacute;n hữu cơ v&agrave; tro trấu</li>\r\n</ul>\r\n\r\n<p>&nbsp;</p>\r\n', 30, 0, 30, 100, '0'),
(49, 'hamcasau.jpg', 'Sen hàm cá sấu', '2_CCSD', 'Cây', '5-10cm', 'Đà Lạt', '<p><strong>Giới thiệu c&acirc;y Sen Đ&aacute; H&agrave;m C&aacute; Sấu</strong></p>\r\n\r\n<ul>\r\n	<li>T&ecirc;n kh&aacute;c: Sen đ&aacute; h&agrave;m c&aacute; mập</li>\r\n	<li>T&ecirc;n Tiếng Anh: Tiger Jaws,&nbsp;Cat Chap,&nbsp;Cat Jaws, Wolf Mouth Mesemb</li>\r\n	<li>T&ecirc;n khoa học: Faucaria tuberculosa</li>\r\n	<li>Họ: Aizoaceae, Crassulaceae</li>\r\n	<li>Xuất xứ: Ch&acirc;u &Acirc;u, Ch&acirc;u Mỹ</li>\r\n</ul>\r\n\r\n<p><strong>Đặc điểm</strong></p>\r\n\r\n<ul>\r\n	<li>C&acirc;y ph&aacute;t triển th&agrave;nh bụi nhỏ, sống l&acirc;u năm. Bụi lớn nhất c&oacute; k&iacute;ch thước l&ecirc;n tới 15 cm.</li>\r\n	<li>C&aacute;c l&aacute; c&acirc;y mọc đối xứng, m&agrave;u xanh đậm, d&agrave;i tới 2,5 cm, rộng khoảng 2 cm. Hai b&ecirc;n m&eacute;p l&aacute; c&oacute; c&aacute;c gai nhỏ mềm. Nh&igrave;n từ xa c&aacute;c gai của c&acirc;y như những chiếc răng của c&aacute; sấu.</li>\r\n	<li>Những b&ocirc;ng hoa của Sen Đ&aacute; H&agrave;m C&aacute; Sấu m&agrave;u v&agrave;ng v&ocirc; c&ugrave;ng nổi bật, tr&ocirc;ng giống như hoa c&uacute;c với đường k&iacute;nh l&ecirc;n tới 4 cm. Hoa thường nở rộ v&agrave;o khoảng giữa trưa v&agrave; kh&eacute;p lại v&agrave;o cuối buổi chiều.</li>\r\n</ul>\r\n\r\n<p><strong>&Yacute; nghĩa phong thủy</strong></p>\r\n\r\n<ul>\r\n	<li>Mang &yacute; nghĩa con người lu&ocirc;n c&oacute; điểm tốt điểm xấu, đừng nh&igrave;n điểm xấu m&agrave; qu&ecirc;n đi c&aacute;i tốt, nh&igrave;n v&agrave;o c&aacute;i tốt để suy nghĩ t&iacute;ch cực cho cuộc sống vui vẻ</li>\r\n</ul>\r\n\r\n<p><strong>C&ocirc;ng dụng</strong></p>\r\n\r\n<ul>\r\n	<li>Được nhiều người ưa chuộng l&agrave;m chậu c&acirc;y để b&agrave;n hay tạo tiểu cảnh trong chậu thủy tinh rất đẹp, trồng được trong nh&agrave; v&agrave; ngo&agrave;i trời rất dễ d&agrave;ng.</li>\r\n	<li>Chậu sen đ&aacute; c&aacute; sấu c&ograve;n l&agrave; m&oacute;n qu&agrave; th&uacute; vị v&agrave; bất ngờ cho bạn b&egrave;, người th&acirc;n.</li>\r\n</ul>\r\n\r\n<p><strong>C&aacute;ch trồng</strong></p>\r\n\r\n<ul>\r\n	<li>&Aacute;nh s&aacute;ng: C&acirc;y th&iacute;ch hợp trồng ở những nơi c&oacute; nhiều &aacute;nh s&aacute;ng.</li>\r\n	<li>Nhiệt độ: 15-35 độ C</li>\r\n	<li>Nước: &nbsp;th&iacute;ch hợp với việc tưới nước thường xuy&ecirc;n, trung b&igrave;nh một tuần chỉ n&ecirc;n tưới 1-2 lần l&agrave; được</li>\r\n	<li>Đất: đất th&iacute;ch hợp cần phải c&oacute; độ tơi xốp v&agrave; tho&aacute;t nước tốt, hằng năm n&ecirc;n thay đất cho c&acirc;y từ 1-2 lần</li>\r\n</ul>\r\n', 20, 0, 20, 20, '0'),
(50, 'daynhen.jpg', 'Cây dây nhện', '1_CCTN', 'Cây', '5-10cm', 'Hà Nội', '<p><strong>Giới thiệu c&acirc;y D&acirc;y Nhện</strong></p>\r\n\r\n<ul>\r\n	<li>T&ecirc;n kh&aacute;c: c&acirc;y Lan Chi, cỏ Lan Chi, cỏ Mệnh M&ocirc;n hay c&acirc;y Lục Trảo Cổ&hellip;</li>\r\n	<li>T&ecirc;n Tiếng Anh: Spider Plant</li>\r\n	<li>T&ecirc;n khoa học: <em>Chlorophytum Comosum</em></li>\r\n	<li>Họ: Agavaceae</li>\r\n	<li>Xuất xứ: Nam Phi</li>\r\n</ul>\r\n\r\n<p><strong>Đặc điểm</strong></p>\r\n\r\n<ul>\r\n	<li>L&agrave; loại c&acirc;y th&acirc;n cỏ gần như kh&ocirc;ng c&oacute; th&acirc;n, c&aacute;c c&agrave;nh b&ecirc;n của c&acirc;y sẽ mọc ra từ c&agrave;nh leo kh&aacute; d&agrave;i. N&oacute;i c&aacute;ch kh&aacute;c l&agrave; từ th&acirc;n c&acirc;y mẹ, c&aacute;c nh&aacute;nh con sẽ mọc tỏa rộng ra xung quanh nh&igrave;n như m&agrave;ng nhện vậy.</li>\r\n	<li>L&aacute; c&acirc;y d&acirc;y nhện d&agrave;i, uốn chằng chịt lại với nhau khi c&acirc;y trưởng th&agrave;nh. L&aacute; c&oacute; m&agrave;u xanh sọc trắng kh&aacute; đẹp mắt. Phiến l&agrave; nhỏ, d&agrave;i v&agrave; kh&aacute; mảnh, n&oacute; mọc men theo chậu v&agrave; rủ xuống nh&igrave;n rất đẹp mắt.</li>\r\n</ul>\r\n\r\n<p><strong>C&ocirc;ng dụng của c&acirc;y d&acirc;y nhện</strong></p>\r\n\r\n<ul>\r\n	<li>C&oacute; khả năng hấp thụ những kh&iacute; độc hại, l&agrave;m sạch kh&ocirc;ng kh&iacute; trong nh&agrave;</li>\r\n	<li>C&acirc;y được trồng nhiều trong nh&agrave;, văn ph&ograve;ng c&ocirc;ng ty, g&oacute;c học tập, c&ocirc;ng vi&ecirc;n&hellip; vừa l&agrave;m c&acirc;y trang tr&iacute; cảnh quan vừa gi&uacute;p thanh lọc kh&ocirc;ng kh&iacute;.</li>\r\n	<li>C&acirc;y d&acirc;y nhện c&ograve;n c&oacute; khả năng hấp thụ bức xạ m&aacute;y t&iacute;nh</li>\r\n	<li>Th&acirc;n c&acirc;y sử dụng l&agrave;m thuốc, n&oacute; gi&uacute;p thanh lọc, giải độc, ti&ecirc;u vi&ecirc;m, nhuận phổi&hellip; sử dụng th&acirc;n c&acirc;y gi&atilde; n&aacute;t c&ograve;n gi&uacute;p l&agrave;m l&agrave;nh vết thương.</li>\r\n</ul>\r\n\r\n<p><strong>&Yacute; nghĩa phong thủy</strong></p>\r\n\r\n<ul>\r\n	<li>Trong phong thuỷ,&nbsp;<strong>c&acirc;y d&acirc;y nhện</strong>&nbsp;c&ograve;n c&oacute; t&aacute;c dụng gi&uacute;p c&acirc;n bằng trường kh&iacute;, điều ho&agrave; v&agrave; hấp thu những nguồn năng lượng xung khắc trong nh&agrave; gi&uacute;p gia chủ c&oacute; một kh&ocirc;ng gian sống h&agrave;i ho&agrave; v&agrave; y&ecirc;n b&igrave;nh.</li>\r\n	<li>Trong c&ocirc;ng danh sự nghiệp c&acirc;y mang lại may mắn về đường tiền t&agrave;i, vận mệnh. Gi&uacute;p sự nghiệp thăng tiếng mối quan hệ với đồng nghiệp với sếp cũng tốt l&ecirc;n. Nếu kinh doanh ri&ecirc;ng cửa h&agrave;nh, cửa hiệu của bạn cũng sẽ rất đ&ocirc;ng kh&aacute;ch, l&agrave;m ăn ng&agrave;y một ph&aacute;t đạt.</li>\r\n</ul>\r\n\r\n<p><strong>C&ocirc;ng dụng</strong></p>\r\n\r\n<ul>\r\n	<li>Ngo&agrave;i &yacute; nghĩa mang lại nhiều may mắn&nbsp;<strong><em>c&acirc;y d&acirc;y nhện&nbsp;</em></strong>c&ograve;n c&oacute; thể mang lại cảm gi&aacute;c thoải m&aacute;i, giảm &aacute;p lực.</li>\r\n	<li>C&acirc;y c&ograve;n c&oacute; t&aacute;c dụng h&uacute;t được tia điện tử từ c&aacute;c thiết bị m&aacute;y t&iacute;nh rất.</li>\r\n	<li>M&agrave;u xanh của c&aacute;c loại c&acirc;y trong đ&oacute; c&oacute; c&acirc;y d&acirc;y nhện gi&uacute;p tăng cường th&ecirc;m 20% tr&iacute; nhớ v&agrave; 15% hiệu quả l&agrave;m việc.</li>\r\n</ul>\r\n\r\n<p><strong>C&aacute;ch trồng</strong></p>\r\n\r\n<ul>\r\n	<li>&Aacute;nh s&aacute;ng: kh&ocirc;ng ưa s&aacute;ng, kh&ocirc;ng n&ecirc;n để c&acirc;y ra ngo&agrave;i nắng gắt v&agrave;o m&ugrave;a h&egrave;</li>\r\n	<li>Nhiệt độ: từ 18-32 độ C l&agrave; th&iacute;ch hợp nhất, tuy nhi&ecirc;n dưới 15 độ C th&igrave; c&acirc;y sẽ ph&aacute;t triển k&eacute;m hơn nhưng vẫn c&oacute; thể chịu được. Thậm ch&iacute; dưới 2 độ C c&acirc;y vẫn sinh trưởng được</li>\r\n	<li>Nước: tưới nước&nbsp;1-2ng&agrave;y/ 1 tuần, v&agrave;o ng&agrave;y trời n&oacute;ng c&oacute; thể tưới nhiều hơn 2- 3&nbsp;ng&agrave;y/1 tuần, v&agrave;o những ng&agrave;y trời mưa ẩm ướt th&igrave; 1 tuần tưới một lần để tr&aacute;nh hiện tượng c&acirc;y bị &uacute;ng rễ</li>\r\n	<li>Đất: c&oacute; thể trồng tr&ecirc;n bất kỳ loại đất n&agrave;o cũng được, ch&uacute;ng vẫn sinh trưởng tốt. Chỉ cần lưu &yacute; l&agrave; đất ẩm, đủ dinh dưỡng v&agrave; tơi xốp c&acirc;y sẽ ph&aacute;t triển nhanh ch&oacute;ng.</li>\r\n</ul>\r\n', 30, 0, 30, 15, '0'),
(51, 'dolatrang.jpg', 'Đô la trắng', '2_CCSD', 'Cây', '20-30cm', 'Đà Lạt', '<p><strong>Giới thiệu c&acirc;y Sen Đ&aacute; Đ&ocirc; La Trắng</strong></p>\r\n\r\n<ul>\r\n	<li>T&ecirc;n kh&aacute;c: dollar trắng, dollar bạc</li>\r\n	<li>T&ecirc;n Tiếng Anh: <strong>Rainbow Bush,&nbsp;Variegated Elephant Bush</strong></li>\r\n	<li>T&ecirc;n khoa học: &nbsp;<strong>Portulacaria afra variegata/</strong> <strong>Portulacaria afra&nbsp;&lsquo;Tricolor&rsquo;</strong></li>\r\n	<li>Họ: <strong>Portulacaceae</strong></li>\r\n	<li>Xuất xứ: Mexico</li>\r\n</ul>\r\n\r\n<p><strong>Đặc điểm</strong></p>\r\n\r\n<ul>\r\n	<li><strong>L</strong>&agrave; một lo&agrave;i c&acirc;y bụi c&oacute; nhiều nh&aacute;nh, c&oacute; tốc độ sinh trưởng chậm. C&acirc;y trồng ngo&agrave;i tự nhi&ecirc;n c&oacute; thể cao l&ecirc;n tới 3m, th&acirc;n v&agrave; l&aacute; c&acirc;y điều mọng nước.&nbsp;</li>\r\n	<li><strong>Th&acirc;n</strong>&nbsp;c&oacute; m&agrave;u xanh nhạt rất hấp dẫn; mang lại cảm gi&aacute;c rất m&aacute;t dịu v&agrave; nhẹ nh&agrave;ng. Th&acirc;n c&acirc;y c&oacute; d&aacute;ng thẳng đứng với những chiếc l&aacute; xanh phấn trắng bạc vươn l&ecirc;n</li>\r\n	<li><strong>L&aacute;</strong>&nbsp;b&oacute;ng lo&aacute;ng, c&oacute; m&agrave;u xanh pha kem; l&aacute; c&oacute; h&igrave;nh d&aacute;ng hơi tr&ograve;n, nhỏ, rộng khoảng 2cm. C&acirc;y c&agrave;ng lớn, c&agrave;ng c&oacute; nhiều c&agrave;nh nh&aacute;nh mọc đan xen lẫn nhau; l&aacute; cứng c&aacute;p nh&igrave;n rất bắt mắt. Hoa của Đ&ocirc;la trắng nhỏ li ti, mọc th&agrave;nh cụm v&agrave; c&oacute; m&agrave;u tim t&iacute;m; tho&aacute;ng nh&igrave;n tr&ocirc;ng rất giống hoa oải hương.</li>\r\n</ul>\r\n\r\n<p><strong>&Yacute; nghĩa phong thủy</strong></p>\r\n\r\n<ul>\r\n	<li><strong>Sen đ&ocirc; la&nbsp;trắng</strong>&nbsp;c&oacute; sức sống dẻo dai, m&atilde;nh liệt. L&agrave; biểu tượng của t&igrave;nh bạn bền chặt; t&igrave;nh y&ecirc;u bất diệt, t&igrave;nh th&acirc;n đầy thương mến. Đại diện cho &yacute; ch&iacute; ki&ecirc;n cường để vượt qua mọi kh&oacute; khăn, gian khổ.</li>\r\n	<li>Trong phong thủy,&nbsp;<strong>sen đ&aacute; đ&ocirc; la trắng&nbsp;</strong>đem đến may mắn, t&agrave;i lộc, hạnh ph&uacute;c, th&agrave;nh c&ocirc;ng cho gia chủ. Nhiều người trưng b&agrave;y&nbsp;c&acirc;y sen đ&aacute; đ&ocirc; la&nbsp;trong nh&agrave;, b&agrave;n l&agrave;m việc&hellip; với mong muốn được may mắn, t&agrave;i lộc g&otilde; cửa.</li>\r\n</ul>\r\n\r\n<p><strong>C&ocirc;ng dụng</strong></p>\r\n\r\n<ul>\r\n	<li>L&agrave; loại c&acirc;y ph&ugrave; hợp để b&agrave;n l&agrave;m việc, b&agrave;n học, trang tr&iacute; qu&aacute;n c&agrave; ph&ecirc; hay trồng k&egrave;m với c&aacute;c loại&nbsp;sen đ&aacute;&nbsp;kh&aacute;c tạo n&ecirc;n tiểu cảnh đẹp. B&ecirc;n cạnh đ&oacute;, ch&uacute;ng c&ograve;n mang đến nhiều lợi &iacute;ch kh&aacute;c như: gi&uacute;p c&oacute; bầu kh&ocirc;ng kh&iacute; trong l&agrave;nh; hấp thụ c&aacute;c tia bức xạ từ c&aacute;c thiết bị đi&ecirc;n tử, m&agrave;ng h&igrave;nh điện thoại, tivi, m&aacute;y t&iacute;nh&hellip; nhằm đảm bảo sức khỏe con người.</li>\r\n	<li>L&aacute; của sen đ&aacute; đ&ocirc; la trắng &nbsp;gi&uacute;p hỗ trợ cải thiện, tăng cường sự tập trung. Đồng thời,&nbsp;sen đ&aacute;&nbsp;c&ograve;n gi&uacute;p tinh thần sảng kho&aacute;i, thoải m&aacute;i, giảm căng thẳng hiệu quả.</li>\r\n</ul>\r\n\r\n<p><strong>C&aacute;ch trồng</strong></p>\r\n\r\n<ul>\r\n	<li>&Aacute;nh s&aacute;ng: trồng ở những nới c&oacute; &aacute;nh s&aacute;ng như cửa sổ; ban c&ocirc;ng&hellip; Nếu trưng c&acirc;y sen đ&aacute; n&agrave;y trong nh&agrave;, văn ph&ograve;ng, những nơi qu&aacute; r&acirc;m m&aacute;t, &iacute;t &aacute;nh s&aacute;ng th&igrave; h&atilde;y nhớ mang ch&uacute;ng ra tắm nắng h&agrave;ng ng&agrave;y hoặc mỗi tuần 2 &ndash; 3 lần.</li>\r\n	<li>Nhiệt độ: &nbsp;15 &ndash; 35 độ C</li>\r\n	<li>Nước: mỗi tuần chỉ n&ecirc;n tưới c&acirc;y 1 &ndash; 2 lần để tr&aacute;nh rễ bị &uacute;ng nước</li>\r\n	<li>Đất: đất trồng tơi xốp, dễ tho&aacute;t nước, tho&aacute;ng kh&iacute;. C&oacute; thể trộn hỗn hợp đất trồng gồm tro, trấu, m&ugrave;n cưa, xơ dừa, ph&acirc;n b&ograve;&hellip; Hoặc đơn giảnhơn l&agrave; trộn tro với đất theo tỉ lệ 1:1, sau đ&oacute; th&ecirc;m một ch&uacute;t xỉ than tổ ong đập nhỏ trộn lẫn.</li>\r\n</ul>\r\n\r\n<p>&nbsp;</p>\r\n', 20, 0, 20, 150, '0'),
(52, 'kimngan.jpg', 'Cây kim ngân', '1_CCTN', 'Cây', '10-15cm', 'Hà Nội', '<p><strong>Giới thiệu c&acirc;y Kim Ng&acirc;n</strong></p>\r\n\r\n<ul>\r\n	<li>T&ecirc;n kh&aacute;c: C&acirc;y thắt b&iacute;m</li>\r\n	<li>T&ecirc;n Tiếng Anh: Lonicera periclymenum</li>\r\n	<li>T&ecirc;n khoa học: Parachi Aquatica</li>\r\n	<li>Họ: Caprifoliaceae</li>\r\n	<li>Xuất xứ: Nam Mỹ, Mexico</li>\r\n</ul>\r\n\r\n<p><strong>Đặc điểm</strong></p>\r\n\r\n<ul>\r\n	<li>L&agrave; loại c&acirc;y th&acirc;n dẻo được uốn c&ugrave;ng 3-5 c&acirc;y con kh&aacute;c nhằm tạo ra h&igrave;nh th&aacute;i đặc biệt</li>\r\n	<li>L&aacute; Kim Ng&acirc;n xo&egrave; rộng như b&agrave;n tay người, mang sắc xanh quanh năm.</li>\r\n	<li>C&acirc;y Kim Ng&acirc;n gốc kh&aacute; to, d&aacute;ng h&igrave;nh trụ vững tr&atilde;i.</li>\r\n	<li>C&acirc;y rất &iacute;t khi ra hoa, nếu c&oacute; th&igrave; hoa c&acirc;y Kim Ng&acirc;n sẽ nở v&agrave;o thời điểm từ th&aacute;ng 4 đến th&aacute;ng 11. Hoa gồm những c&aacute;nh lớn m&agrave;u kem nhạt, nở về đ&ecirc;m v&agrave; toả hương thoang thoảng</li>\r\n</ul>\r\n\r\n<p><strong>&Yacute; nghĩa phong thủy</strong></p>\r\n\r\n<ul>\r\n	<li>Được cho l&agrave; mang lại tіền t&agrave;i, vượng kh&iacute; cho gia chủ, doanh ngiệp.</li>\r\n	<li>Th&acirc;n ph&igrave;nh to mang lại cảm gi&aacute;c vững tr&atilde;i, đồng thời cũng rất dẻo dаi, n&oacute; như một biểu tượng của sự vững v&agrave;ng, ki&ecirc;n định trướс s&oacute;ng gi&oacute;.</li>\r\n</ul>\r\n\r\n<p><strong>C&ocirc;ng dụng</strong></p>\r\n\r\n<ul>\r\n	<li>Lọc kh&ocirc;ng kh&iacute;, điều h&ograve;a kh&ocirc;ng kh&iacute;</li>\r\n	<li>Mang lại kh&ocirc;ng gian xanh m&aacute;t</li>\r\n	<li>Để tr&ecirc;n b&agrave;n l&agrave;m việc trang tr&iacute;</li>\r\n	<li>C&oacute; t&aacute;c dụng đuổi muỗi kh&aacute; tốt</li>\r\n	<li>Nhiều bộ phận được cho l&agrave; vị thuốc Đ&ocirc;ng Y</li>\r\n</ul>\r\n\r\n<p><strong>C&aacute;ch trồng</strong></p>\r\n\r\n<ul>\r\n	<li>&Aacute;nh s&aacute;ng: ưa s&aacute;ng nhưng vẫn sinh trưởng tốt ở nơi &iacute;t s&aacute;ng hoặc trong nh&agrave;, dưới &aacute;nh đ&egrave;n huỳnh quang, kh&ocirc;ng ưa nắng gắt, 1 tuần tắm nắng 1-2 lần</li>\r\n	<li>Nhiệt độ: 4&deg;C &ndash; 40&deg;C, m&ugrave;a đ&ocirc;ng tối thiểu 16&deg;C, c&oacute; thể chịu đựng được mức nhiệt 10 &ndash; 15&deg;C trong một khoảng thời gian ngắn, để c&acirc;y ph&aacute;t triển mạnh n&ecirc;n duy tr&igrave; nhiệt độ ở mức 15&deg;C &ndash; 25&deg;C</li>\r\n	<li>Nước: tưới 1-2 tuần 1 lần đủ ẩm đất kh&ocirc;ng ngập &uacute;ng</li>\r\n	<li>Đất: đất nguy&ecirc;n chất hoặc trộn với sỏi hoặc hạt đất s&eacute;t theo tỷ lệ 1:1 hoặc 1:2, để c&acirc;y ph&aacute;t triển to&agrave;n diện nhất l&agrave; đất Perlite, đ&aacute; bọt</li>\r\n</ul>\r\n', 30, 0, 30, 55, '0'),
(53, 'phuquy.jpg', 'Cây phú quý', '1_CCTN', 'Cây', '20-30cm', 'Hà Nội', '<p><strong>Giới thiệu c&acirc;y Ph&uacute; Qu&yacute;</strong></p>\r\n\r\n<ul>\r\n	<li>T&ecirc;n kh&aacute;c: Hồng Ph&uacute; Qu&yacute;</li>\r\n	<li>T&ecirc;n Tiếng Anh: Aglaonema Red</li>\r\n	<li>T&ecirc;n khoa học: Aglaonema hybrid &lsquo;Pride of Sumatra&rsquo;.</li>\r\n	<li>Họ: Araceae</li>\r\n	<li>Xuất xứ: Indonesia</li>\r\n</ul>\r\n\r\n<p><strong>Đặc điểm</strong></p>\r\n\r\n<ul>\r\n	<li>L&agrave; lo&agrave;i th&acirc;n thảo, rễ ch&ugrave;m, c&acirc;y ph&uacute; qu&yacute; cao từ 30-70cm.</li>\r\n	<li>L&aacute; c&acirc;y mỏng, phiến l&aacute; lớn, nhẵn c&oacute; đường viền đỏ hồng v&agrave; bề mặt xanh đậm.</li>\r\n	<li>C&acirc;y ph&uacute; qu&yacute; ph&acirc;n nh&aacute;nh nhanh v&agrave; c&oacute; thể sống ở cả hai m&ocirc;i trường tr&ecirc;n đất v&agrave; nước.&nbsp;</li>\r\n</ul>\r\n\r\n<p><strong>&Yacute; nghĩa phong thủy</strong></p>\r\n\r\n<ul>\r\n	<li>C&aacute;i t&ecirc;n của c&acirc;y được gh&eacute;p từ hai từ ph&uacute; v&agrave; qu&yacute; đều l&agrave; hai từ mang &yacute; nghĩa tốt đẹp. Từ ph&uacute; chỉ sự gi&agrave;u sang, tiền t&agrave;i v&agrave; từ qu&yacute; chỉ sự sang trọng, qu&yacute; ph&aacute;i.</li>\r\n	<li>Trong khi nở, hoa ph&uacute; qu&yacute; sẽ gi&uacute;p mang t&agrave;i lộc v&agrave;o nh&agrave; n&ecirc;n cần ch&uacute; &yacute; l&agrave;m ăn v&agrave;o thời gian n&agrave;y</li>\r\n</ul>\r\n\r\n<p><strong>C&ocirc;ng dụng</strong></p>\r\n\r\n<ul>\r\n	<li>C&acirc;y ph&uacute; qu&yacute; c&oacute; k&iacute;ch thước vừa phải, h&igrave;nh d&aacute;ng đẹp n&ecirc;n th&iacute;ch hợp để b&agrave;n.</li>\r\n	<li>C&acirc;y ph&uacute; qu&yacute; c&oacute; khả năng thanh lọc c&aacute;c chất độc v&agrave; bụi mịn khiến kh&ocirc;ng kh&iacute; trong l&agrave;nh hơn.</li>\r\n	<li>C&oacute; thể đặt c&acirc;y ph&uacute; qu&yacute; tại b&agrave;n l&agrave;m việc, ph&ograve;ng ngủ, ph&ograve;ng kh&aacute;ch để l&agrave;m cảnh.</li>\r\n</ul>\r\n\r\n<p><strong>C&aacute;ch trồng</strong></p>\r\n\r\n<ul>\r\n	<li>&Aacute;nh s&aacute;ng: kh&ocirc;ng ưa s&aacute;ng, n&ecirc;n đặt c&acirc;y trong nh&agrave; v&agrave; mang ra ngo&agrave;i &aacute;nh s&aacute;ng mặt trời l&uacute;c s&aacute;ng sớm</li>\r\n	<li>Nhiệt độ: 18-30 độ C</li>\r\n	<li>Nước: tưới ẩm đất l&agrave; đủ, mỗi tuần 2-3 lần</li>\r\n	<li>Đất: cần đảm bảo dinh dưỡng, d&ugrave;ng c&aacute;c loại ph&acirc;n b&oacute;n tự nhi&ecirc;n; nếu trồng thủy sinh th&igrave; bơm th&ecirc;m dịch dinh dưỡng v&agrave;o chậu v&agrave; vệ sinh thường xuy&ecirc;n</li>\r\n</ul>\r\n', 30, 0, 30, 100, '0'),
(54, 'saobang.jpg', 'Sen sao băng', '2_CCSD', 'Cây', '20-30cm', 'Đà Lạt', '<p><strong>Giới thiệu c&acirc;y Sen Đ&aacute; Sao Băng</strong></p>\r\n\r\n<ul>\r\n	<li>T&ecirc;n kh&aacute;c: Sen đ&aacute; b&aacute;nh bao xanh</li>\r\n	<li>T&ecirc;n Tiếng Anh: Succulent plant</li>\r\n	<li>T&ecirc;n khoa học: <strong>Echeveria Albicans</strong></li>\r\n	<li>Họ: thuộc chi Echeveria, họ Crassulaceae</li>\r\n	<li>Xuất xứ: Ch&acirc;u Mỹ, Ch&acirc;u &Uacute;c, Ch&acirc;u Phi</li>\r\n</ul>\r\n\r\n<p><strong>Đặc điểm</strong></p>\r\n\r\n<ul>\r\n	<li>L&aacute; của c&acirc;y c&oacute; m&agrave;u xanh ngọc sắp xếp theo một trật tự logic đan xen.</li>\r\n	<li>M&agrave;u sắc của l&aacute; kết hợp với h&igrave;nh d&aacute;ng hơi nhọn về đầu l&aacute; khiến người ta li&ecirc;n tưởng đến h&igrave;nh ảnh sao băng về đ&ecirc;m. Nh&igrave;n theo hướng thẳng đứng ta c&ograve;n c&oacute; thể dễ lầm tưởng c&acirc;y với một đ&oacute;a hoa ch&uacute;m ch&iacute;m nở</li>\r\n</ul>\r\n\r\n<p><strong>&Yacute; nghĩa phong thủy</strong></p>\r\n\r\n<ul>\r\n	<li>Sen đ&aacute; l&agrave; lo&agrave;i tượng trưng cho sức sống mạnh mẽ m&agrave; c&ograve;n l&agrave; sự bền bỉ, dai dẳng v&agrave; &yacute; ch&iacute; quật cường theo thời gian.</li>\r\n	<li>Ngo&agrave;i ra, một v&agrave;i chậu sen đ&aacute; trong nh&agrave; c&oacute; &yacute; nghĩa phong thuỷ mang lại t&agrave;i lộc, may mắn cho gia chủ.</li>\r\n</ul>\r\n\r\n<p><strong>C&ocirc;ng dụng</strong></p>\r\n\r\n<ul>\r\n	<li>Với m&agrave;u xanh ngọc c&acirc;y sở hữu sẽ rất th&iacute;ch hợp cho việc trang tr&iacute; nhiều kh&ocirc;ng gian kh&aacute;c nhau.</li>\r\n	<li>Khả năng hấp thụ tốt c&aacute;c tia điện tử g&acirc;y hại cho con người.</li>\r\n	<li>Lo&agrave;i c&acirc;y n&agrave;y thể hiện cho sự ki&ecirc;n cường, dẻo dai, tặng c&acirc;y n&agrave;y cho bạn b&egrave; cũng giống như tặng họ một lời động vi&ecirc;n vậy.</li>\r\n	<li>Tặng chậu sen đ&aacute; nhỏ xinh n&agrave;y cho người m&igrave;nh y&ecirc;u thương, điều đ&oacute; đồng nghĩa với việc mong muốn c&oacute; được một mối quan hệ d&agrave;i l&acirc;u với người m&igrave;nh y&ecirc;u thương.&nbsp;</li>\r\n</ul>\r\n\r\n<p><strong>C&aacute;ch trồng</strong></p>\r\n\r\n<ul>\r\n	<li>&Aacute;nh s&aacute;ng: &Aacute;nh s&aacute;ng th&iacute;ch hợp với sen đ&aacute; nhất l&agrave; v&agrave;o s&aacute;ng buổi sớm v&agrave; n&ecirc;n tr&aacute;nh những nơi c&oacute; &aacute;nh nắng gắt như buổi trưa trời m&ugrave;a h&egrave; dễ khiến c&acirc;y nhanh ch&oacute;ng kh&ocirc; h&eacute;o.</li>\r\n	<li>Nhiệt độ:</li>\r\n	<li>Nước: Tuần bạn chỉ cần tưới nước một lần cho c&acirc;y để đam bảo sự sinh trưởng v&agrave; ph&aacute;t triển tốt.</li>\r\n	<li>Đất: Loại tơi xốp dễ tho&aacute;t nước, c&oacute; thể bạn trộn th&ecirc;m với tro, chấu, m&ugrave;n để c&oacute; loại đất ưa th&iacute;ch cho sen đ&aacute;.</li>\r\n</ul>\r\n', 30, 0, 30, 100, '0'),
(55, 'hoahong.jpg', 'Sen hoa hồng', '2_CCSD', 'Cây', '5-10cm', 'Đà Lạt', '<p><strong>Giới thiệu c&acirc;y Sen Đ&aacute; Hoa Hồng Xanh</strong></p>\r\n\r\n<ul>\r\n	<li>T&ecirc;n Tiếng Anh: Greenovia/ Rose Succulent</li>\r\n	<li>T&ecirc;n khoa học: <em>Aeonium dodrantale</em><em>/</em><em>Greenovia dodrantalis</em></li>\r\n	<li>Họ: thuộc chi Aoenium, họ Crassulaceae, bộ Sedeae</li>\r\n	<li>Xuất xứ: T&acirc;y Tenerife, quần đảo Canary thuộc T&acirc;y Ban Nha</li>\r\n</ul>\r\n\r\n<p><strong>Đặc điểm</strong></p>\r\n\r\n<ul>\r\n	<li>Sen đ&aacute; hoa hồng xanh l&agrave; một lo&agrave;i thực vật mọng nước sống l&acirc;u năm, thường mọc th&agrave;nh bụi c&oacute; đường k&iacute;nh khoảng 4-5cm.</li>\r\n	<li>L&aacute; c&acirc;y c&oacute; m&agrave;u xanh n&otilde;n nhạt mọc từng cụm giống như b&ocirc;ng hoa hồng n&ecirc;n thường được gọi l&agrave; Sen đ&aacute; hoa hồng xanh. C&aacute;c l&aacute; sẽ x&ograve;e ra v&agrave;o m&ugrave;a đ&ocirc;ng v&agrave; đ&oacute;ng lại v&agrave;o m&ugrave;a h&egrave;, hoa của ch&uacute;ng c&oacute; m&agrave;u v&agrave;ng.</li>\r\n</ul>\r\n\r\n<p><strong>&Yacute; nghĩa phong thủy</strong></p>\r\n\r\n<ul>\r\n	<li>C&acirc;y thể hiện một kh&ocirc;ng gian xa vời kh&ocirc;ng thể với tới, một b&iacute; ẩn kh&ocirc;ng thể được l&agrave;m s&aacute;ng tỏ. Sự bay bổng l&atilde;ng mạn kh&ocirc;ng thể k&igrave;m n&eacute;n l&agrave; tất cả những g&igrave; loại sen đ&aacute; n&agrave;y diễn đạt.</li>\r\n	<li>Thể hiện ẩn &yacute;: &ldquo;Bạn cực kỳ tuyệt vời&rdquo;. Một c&aacute; t&iacute;nh thật sự ho&agrave;n hảo, nổi bật l&agrave; điều m&agrave; Hoa Hồng Xanh muốn b&agrave;y tỏ về người nhận.</li>\r\n	<li>Sự tượng trưng cho một t&igrave;nh y&ecirc;u chung thủy, tồn tại m&atilde;i m&atilde;i theo thời gian</li>\r\n</ul>\r\n\r\n<p><strong>C&ocirc;ng dụng</strong></p>\r\n\r\n<ul>\r\n	<li>C&ocirc;ng dụng về&nbsp;trang tr&iacute;: C&acirc;y thường được trồng th&agrave;nh kh&oacute;m hoặc trong chậu để trang tr&iacute; ban c&ocirc;ng, cửa sổ hay đặt ngay tại hi&ecirc;n nh&agrave;</li>\r\n	<li>C&ocirc;ng dụng l&agrave;m qu&agrave; tặng: C&acirc;y mang nhiều &yacute; nghĩa, trong đ&oacute; c&oacute; sự bền bỉ, l&acirc;u d&agrave;i trong mối quan hệ n&ecirc;n được người ta d&agrave;nh tặng cho nhau trong c&aacute;c dịp lễ, sinh nhật&hellip;</li>\r\n</ul>\r\n\r\n<p><strong>C&aacute;ch trồng</strong></p>\r\n\r\n<ul>\r\n	<li>&Aacute;nh s&aacute;ng: th&iacute;ch hợp với những nơi c&oacute; &aacute;nh s&aacute;ng nhẹ, dễ bị ch&aacute;y nắng, cẩn thận trong m&ugrave;a h&egrave; để ch&uacute;ng kh&ocirc;ng nhận được qu&aacute; nhiều &aacute;nh s&aacute;ng trực tiếp.</li>\r\n	<li>Nhiệt độ: kh&ocirc;ng ưa th&iacute;ch sương gi&aacute;, chịu được một ch&uacute;t lạnh, đến mức đ&oacute;ng băng, nhưng sẽ bị tổn thương v&agrave; chết nếu tiếp x&uacute;c với c&aacute;i lạnh k&eacute;o d&agrave;i</li>\r\n	<li>Nước: th&iacute;ch nước nhiều hơn so với c&aacute;c lo&agrave;i mọng nước kh&aacute;c. Tuy nhi&ecirc;n, chỉ n&ecirc;n tưới cho c&acirc;y khi đất kh&ocirc; ho&agrave;n to&agrave;n.</li>\r\n	<li>Đất: hỗn hợp đất phải tho&aacute;t nước nhanh ch&oacute;ng để rễ c&acirc;y kh&ocirc;ng bị ẩm qu&aacute; l&acirc;u, đất trồng sen đ&aacute; v&agrave; xương rồng sẽ được trộn đ&aacute; Perlite, Vermia, Pumice, xỉ than,&hellip; theo tỷ lệ th&iacute;ch hợp. Hạn chế sử dụng hỗn hợp đất c&oacute; chứa r&ecirc;u, than b&ugrave;n hoặc xơ dừa v&igrave; ch&uacute;ng giữ nước v&agrave; giữ cho đất ẩm l&acirc;u hơn.</li>\r\n</ul>\r\n\r\n<p>&nbsp;</p>\r\n', 30, 0, 30, 55, '0'),
(56, 'trucmay.jpg', 'Cây trúc mây', '1_CCTN', 'Cây', '20-30cm', 'Đà Lạt', '', 30, 0, 30, 100, '1'),
(57, 'xrthachtruthien.jpg', 'Xương rồng thạch trụ thiên', '3_SRC', 'Cây', '10-15cm', 'Đà Lạt', '', 20, 0, 20, 55, '1'),
(58, 'latim.jpg', 'Sen lá tim', '2_CCSD', 'Cây', '10-15cm', 'Đà Lạt', '<p><strong>Giới thiệu c&acirc;y Sen Đ&aacute; L&aacute; Tim</strong></p>\r\n\r\n<ul>\r\n	<li>T&ecirc;n kh&aacute;c: Sen Đ&aacute; Tim</li>\r\n	<li>T&ecirc;n Tiếng Anh: Ice plant</li>\r\n	<li>T&ecirc;n khoa học: <em>Corpuscularia Lehmannii</em></li>\r\n	<li>Họ: <em>Aizoaceae</em></li>\r\n	<li>Xuất xứ: &hellip;</li>\r\n</ul>\r\n\r\n<p><strong>Đặc điểm</strong></p>\r\n\r\n<ul>\r\n	<li>C&ugrave;ng họ với xương rồng, thuộc th&acirc;n mọng nước.</li>\r\n	<li>H&igrave;nh d&aacute;ng kh&aacute; nhỏ b&eacute;, cao trung b&igrave;nh 10cm</li>\r\n	<li>Mọc th&agrave;nh nhiều nh&aacute;nh tạo n&ecirc;n c&acirc;y bụi nhỏ</li>\r\n	<li>L&aacute; m&agrave;u xanh đậm, h&igrave;nh tr&aacute;i tim đặc trưng</li>\r\n</ul>\r\n\r\n<p><strong>&Yacute; nghĩa phong thủy</strong></p>\r\n\r\n<ul>\r\n	<li>C&acirc;y tượng trưng cho sự vĩnh cửu, trường tồn, v&agrave; l&agrave; m&oacute;n qu&agrave; tặng &yacute; nghĩa cho bạn b&egrave;, người th&acirc;n.</li>\r\n	<li>Từ sức sống của n&oacute; người ta quan niệm rằng mọi chuyện tr&ecirc;n đời đều c&oacute; hướng giải quyết</li>\r\n	<li>Đem lại may mắn, t&agrave;i lộc. Nhiều người trồng cầu mong b&igrave;nh an, tiền t&agrave;i</li>\r\n</ul>\r\n\r\n<p><strong>C&ocirc;ng dụng</strong></p>\r\n\r\n<ul>\r\n	<li>Gi&uacute;p bầu kh&ocirc;ng kh&iacute; trong l&agrave;nh</li>\r\n	<li>H&uacute;t chất độc hại, tia bức xạ thiết bị điện tử</li>\r\n	<li>Tập trung tinh thần, tăng cường tr&iacute; nhớ</li>\r\n	<li>Tạo cảm gi&aacute;c thoải m&aacute;i, giảm căng thẳng meettj mỏi</li>\r\n</ul>\r\n\r\n<p><strong>C&aacute;ch trồng</strong></p>\r\n\r\n<ul>\r\n	<li>&Aacute;nh s&aacute;ng: C&acirc;y c&oacute; thể chịu được &aacute;nh nắng trực tiếp nhưng kh&ocirc;ng n&ecirc;n để c&acirc;y ra &aacute;nh nắng qu&aacute; gắt qu&aacute; l&acirc;u.</li>\r\n	<li>Nhiệt độ: Nhiệt độ th&iacute;ch hợp l&agrave; 15 &ndash; 35 độ, vậy n&ecirc;n để c&acirc;y v&agrave;o chỗ c&oacute; m&aacute;i che nhưng vẫn đảm bảo &aacute;nh s&aacute;ng như cửa sổ ban c&ocirc;ng, vừa c&oacute; &aacute;nh nắng m&agrave; tr&aacute;nh được mưa b&atilde;o.</li>\r\n	<li>Nước: chỉ cần tưới 1 tuần/lần l&agrave; đủ nếu trời n&oacute;ng, thời tiết kh&ocirc; c&oacute; thể l&agrave; 2 lần.</li>\r\n	<li>Đất: Loại đất trồng cho sen đ&aacute; l&aacute; tim phải l&agrave; loại tho&aacute;t nước tốt v&agrave; c&oacute; nhiều chất dinh dưỡng.</li>\r\n</ul>\r\n\r\n<p>&nbsp;</p>\r\n', 30, 0, 30, 10, '0'),
(59, 'lucbinh.jpg', 'Sen lục bình', '2_CCSD', 'Cây', '10-15cm', 'Đà Lạt', '<p><strong>Giới thiệu c&acirc;y Sen Đ&aacute; Lục B&igrave;nh</strong></p>\r\n\r\n<ul>\r\n	<li>T&ecirc;n kh&aacute;c: c&acirc;y lục b&igrave;nh cảnh</li>\r\n	<li>T&ecirc;n Tiếng Anh/ T&ecirc;n khoa học: Water hyacinth lotus</li>\r\n	<li>Họ: Crassulaceae</li>\r\n	<li>Xuất xứ: nước ngo&agrave;i</li>\r\n</ul>\r\n\r\n<p><strong>Đặc điểm</strong></p>\r\n\r\n<ul>\r\n	<li>Đ&uacute;ng như t&ecirc;n gọi của c&acirc;y, lục b&igrave;nh &ndash; được biết đến l&agrave; lo&agrave;i c&acirc;y sống ở nước đặc trưng cơ bản của Việt Nam ch&uacute;ng ta, ch&uacute;ng sống b&aacute;m lấy nhau, tương đối mỏng manh v&agrave; uyển chuyển theo d&ograve;ng nước xu&ocirc;i ngược. Tuy nh&igrave;n&nbsp;<strong>sen đ&aacute; lục b&igrave;nh</strong>&nbsp;kh&aacute; mềm mại nhưng b&ecirc;n trong lại l&agrave; một lo&agrave;i c&acirc;y v&ocirc; c&ugrave;ng mạnh mẽ, sen đ&aacute; th&iacute;ch nghi được hầu hết tất cả c&aacute;c m&ocirc;i trường kh&aacute;c nhau.</li>\r\n	<li>Khi sen đ&aacute; trưởng th&agrave;nh, sẽ cho ra mắt một m&agrave;u xanh thẫm như cỏ dại, l&uacute;c đ&oacute; l&aacute; c&acirc;y sẽ bắt đầu chuyển từ thẳng tắp sang hơi hẹp lại ở ph&iacute;a đầu l&aacute; hơi bầu bầu.</li>\r\n</ul>\r\n\r\n<p><strong>&Yacute; nghĩa phong thủy</strong></p>\r\n\r\n<ul>\r\n	<li><strong>Tượng trưng cho việc giữ chắc những g&igrave; m&igrave;nh đ&atilde; cố gắng đạt được</strong></li>\r\n	<li>Thể hiện cho sự mạnh mẽ, sức sống bền bỉ.</li>\r\n	<li>Trong c&aacute;c ph&ograve;ng cưới, tiệc cưới cũng được sử dụng thể hiện cho t&igrave;nh y&ecirc;u bền bỉ c&ugrave;ng năm th&aacute;ng. Ngo&agrave;i ra, c&ograve;n được sử dụng l&agrave;m những m&oacute;n qu&agrave; trao tay bạn b&egrave; thể hiện cho t&igrave;nh bạn vĩnh cửu m&atilde;i chẳng đổi thay.&nbsp;</li>\r\n</ul>\r\n\r\n<p><strong>C&ocirc;ng dụng</strong></p>\r\n\r\n<ul>\r\n	<li>C&oacute; thể lọc kh&iacute; lấy đi c&aacute;c tia tử điện c&oacute; hại cho sức khỏe con người. C&aacute;c nguồn điện tử ở đ&acirc;y được kể đến như c&aacute;c vật dụng tiếp x&uacute;c hằng ng&agrave;y với ta như điện thoại, m&aacute;y vi t&iacute;nh, ổ sạc, tủ lạnh, m&aacute;y lạnh,..</li>\r\n	<li>L&agrave; lo&agrave;i c&acirc;y dễ d&agrave;ng th&iacute;ch nghi với nhiều điều kiện m&ocirc;i trường n&ecirc;n được lựa chọn cho nhiều kh&ocirc;ng gian kh&aacute;c nhau cụ thể như: b&agrave;n l&agrave;m việc, ph&ograve;ng tr&agrave;, qu&aacute;n cafe&hellip;Từ những kh&ocirc;ng gian rộng lớn để điểm t&ocirc; cho đến kh&ocirc;ng gian nhỏ hẹp tạo điểm nhấn.</li>\r\n</ul>\r\n\r\n<p><strong>C&aacute;ch trồng</strong></p>\r\n\r\n<ul>\r\n	<li>&Aacute;nh s&aacute;ng: cần nhiều &aacute;nh s&aacute;ng để l&ecirc;n m&agrave;u, để nơi cửa sổ, ban c&ocirc;ng c&oacute; &aacute;nh s&aacute;ng nhẹ; nu&ocirc;i trong nh&agrave; th&igrave; 2-3 ng&agrave;y mang ra ngo&agrave;i trời</li>\r\n	<li>Nhiệt độ: 20-40 độ C</li>\r\n	<li>Nước: tưới 1 tuần 1 lần nếu để trong nh&agrave;, 2 lần 1 tuần nếu để ngo&agrave;i trời</li>\r\n	<li>Đất: đất m&ugrave;n c&oacute; nhiều xỉ than</li>\r\n</ul>\r\n\r\n<p>&nbsp;</p>\r\n', 30, 0, 30, 20, '0'),
(60, 'minima.jpg', 'Sen minima', '2_CCSD', 'Cây', '20-30cm', 'Đà Lạt', '<p><strong>Giới thiệu c&acirc;y Sen Đ&aacute; Minima</strong></p>\r\n\r\n<ul>\r\n	<li>T&ecirc;n kh&aacute;c:</li>\r\n	<li>T&ecirc;n Tiếng Anh:</li>\r\n	<li>T&ecirc;n khoa học: <strong>Echeveria elegans minima</strong></li>\r\n</ul>\r\n\r\n<p><strong>C&aacute;ch trồng</strong></p>\r\n\r\n<ul>\r\n	<li>&Aacute;nh s&aacute;ng: cần &aacute;nh s&aacute;ng vừa đủ, tr&aacute;nh nắng l&uacute;c 12h-2h chiều</li>\r\n	<li>Nhiệt độ:</li>\r\n	<li>Nước: tưới nước theo m&ocirc;i trường n&oacute;ng hay m&aacute;t</li>\r\n	<li>Đất: đất tho&aacute;t nước tốt, trộn đất t&ugrave;y theo tỷ lệ</li>\r\n</ul>\r\n\r\n<p>&nbsp;</p>\r\n\r\n<p>&nbsp;</p>\r\n', 30, 0, 30, 45, '0');
INSERT INTO `products` (`productCode`, `productImage`, `productName`, `productLineCode`, `Unit`, `Size`, `productVender`, `productDecription`, `quantityEntered`, `quantitySold`, `quantityInStock`, `buyPrice`, `status`) VALUES
(67, 'thachngoc.jpg', 'Sen thạch ngọc', '2_CCSD', 'Cây', '10-15cm', 'Đà Lạt', '<p><strong>Giới thiệu c&acirc;y Sen Đ&aacute; Thạch Ngọc</strong></p>\r\n\r\n<ul>\r\n	<li>T&ecirc;n kh&aacute;c: sen giọt nước</li>\r\n	<li>T&ecirc;n Tiếng Anh: Jelly bean, Pork and beans</li>\r\n	<li>T&ecirc;n khoa học: Sedum rubrotinctum</li>\r\n	<li>Họ: Crasulaceae</li>\r\n	<li>Xuất xứ: Mexico</li>\r\n</ul>\r\n\r\n<p><strong>Đặc điểm</strong></p>\r\n\r\n<ul>\r\n	<li>L&aacute; của Thạch ngọc thay đổi từ m&agrave;u xanh sang m&agrave;u đỏ trong những th&aacute;ng m&ugrave;a h&egrave; như l&agrave; một th&iacute;ch ứng bảo vệ. Ch&uacute;ng nảy mầm hoa v&agrave;ng tươi từ giữa c&aacute;c l&aacute; giữa m&ugrave;a xu&acirc;n.&nbsp;Sen đ&aacute; thạch ngọc c&oacute; những l&aacute; giống h&igrave;nh những vi&ecirc;n ngọc, căng tr&ograve;n v&agrave;o mọng nước.</li>\r\n</ul>\r\n\r\n<p><strong>&Yacute; nghĩa phong thủy</strong></p>\r\n\r\n<ul>\r\n	<li>Sen Đ&aacute; Ngọc Thạch Đỏ mang &yacute; nghĩa của t&agrave;i lộc, gi&agrave;u sang, ph&uacute; qu&yacute;. Mang lại &ldquo;ngọc&rdquo; như đ&uacute;ng t&ecirc;n gọi của loại c&acirc;y.&nbsp;Hoa của ch&uacute;ng c&oacute; m&agrave;u v&agrave;ng tươi v&agrave; thường nở hoa v&agrave;o m&ugrave;a xu&acirc;n. V&igrave; thế, c&acirc;y cũng mang &yacute; nghĩa của sự may mắn, vạn sự đều thuận buồm xu&ocirc;i gi&oacute;.&nbsp;</li>\r\n	<li>Với đặc t&iacute;nh th&iacute;ch nghi với nhiều m&ocirc;i trường sống khắc nghiệt, c&acirc;y biểu tượng cho sức sống mạnh mẽ, tinh thần ki&ecirc;n cường, vượt qua kh&oacute; khăn. B&ecirc;n cạnh đ&oacute;, sức đỏ của c&acirc;y c&ograve;n thể hiện t&igrave;nh y&ecirc;u m&atilde;nh liệt, gắn b&oacute; thủy chung.&nbsp;</li>\r\n</ul>\r\n\r\n<p><strong>C&ocirc;ng dụng</strong></p>\r\n\r\n<ul>\r\n	<li>&nbsp;Rất ph&ugrave; hợp để trang tr&iacute; kh&ocirc;ng gian nh&agrave; ở, nơi l&agrave;m việc, c&aacute;c ph&ograve;ng tr&agrave;, qu&aacute;n c&agrave; ph&ecirc;&hellip; Bởi c&acirc;y c&oacute; h&igrave;nh d&aacute;ng nhỏ nhắn tạo n&ecirc;n sự tinh tế. Sự phối hợp h&agrave;i h&ograve;a nhiều m&agrave;u sắc của c&acirc;y cũng mang lại sự sinh động nhưng cũng kh&ocirc;ng k&eacute;m phần trang nh&atilde; cho kh&ocirc;ng gian.</li>\r\n	<li>Loại c&acirc;y n&agrave;y cũng c&oacute; t&aacute;c dụng lọc kh&ocirc;ng kh&iacute; rất hiệu quả. Ngo&agrave;i ra, c&acirc;y cũng rất hữu &iacute;ch trong hạn chế t&aacute;c hại từ những tia điện tử của những m&aacute;y t&iacute;nh, điện thoại v&agrave; c&aacute;c thiết bị kh&aacute;c.</li>\r\n	<li>M&agrave;u đỏ tr&ecirc;n l&aacute; c&acirc;y gi&uacute;p k&iacute;ch th&iacute;ch thần kinh v&agrave; t&aacute;c động l&ecirc;n cơ thể: tăng nhịp tim, tăng huyết &aacute;p v&agrave; tăng cường hoạt động của c&aacute;c cơ quan trong cơ thể</li>\r\n</ul>\r\n\r\n<p><strong>C&aacute;ch trồng</strong></p>\r\n\r\n<ul>\r\n	<li>&Aacute;nh s&aacute;ng: ưa s&aacute;ng, chịu được &aacute;nh nắng trực tiếp nhưng tốt nhất l&agrave; dưới l&agrave;n che 30%, trồng nơi thiếu s&aacute;ng th&igrave; phơi nắng 1 lần/2 ng&agrave;y(4-5 tiếng)</li>\r\n	<li>Nhiệt độ: 15-35 độ C</li>\r\n	<li>Nước: nơi &aacute;nh s&aacute;ng trực tiếp th&igrave; 1 lần/2 ng&agrave;y, trong nh&agrave; th&igrave; 1 lần/3 ng&agrave;y</li>\r\n	<li>Đất: kh&ocirc;ng cần qu&aacute; nhiều dinh dưỡng, th&iacute;ch hợp b&oacute;n ph&acirc;n hữu cơ</li>\r\n</ul>\r\n\r\n<p>&nbsp;</p>\r\n', 30, 0, 30, 35, '0'),
(70, 'taitho.jpg', 'Sen tai thỏ', '2_CCSD', 'Cây', '3-5cm', 'Đà Lạt', '<h2>Đặc điểm của sen đ&aacute; tai thỏ</h2>\r\n\r\n<p>Sen tai thỏ c&oacute; t&ecirc;n tiếng anh l&agrave; Monilaria Obconica. N&oacute; được t&igrave;m thấy ở Nhật Bản v&agrave; từng tạo n&ecirc;n cơn sốt tại quốc gia n&agrave;y. Bởi v&igrave; vẻ ngo&agrave;i của c&acirc;y rất dễ thương v&agrave; người Nhật rất th&iacute;ch những thứ đ&aacute;ng y&ecirc;u như vậy. Điểm kh&aacute;c biệt so với những loại hoa đ&aacute; kh&aacute;c l&agrave; c&oacute; 2 nh&aacute;nh d&agrave;i hơn như tai thỏ.</p>\r\n\r\n<p>Với hai nh&aacute;nh d&agrave;i như tai thỏ, c&acirc;y cảnh mini n&agrave;y sẽ khiến nhiều người phải thốt l&ecirc;n rằng n&oacute; dễ thương đến nhường n&agrave;o. Hoa đ&aacute; tai thỏ đ&atilde; tạo n&ecirc;n một cơn sốt tr&ecirc;n khắp nơi trong thời gian qua. Đặc biệt, khi để ngo&agrave;i nắng, m&agrave;u xanh của c&acirc;y sẽ chuyển sang m&agrave;u đỏ nhạt.</p>\r\n\r\n<p>Gi&aacute; của sen đ&aacute; tai thỏ tại c&aacute;c shop khoảng từ 15.000 đến 75.000 VNĐ t&ugrave;y theo loại v&agrave; chậu của c&acirc;y.</p>\r\n\r\n<h2>&Yacute; nghĩa sen đ&aacute; tai thỏ</h2>\r\n\r\n<p>Sở hữu vẻ ngo&agrave;i ấn tượng, sen tai thỏ l&agrave; loại c&acirc;y cảnh mini d&ugrave;ng để trang tr&iacute; nh&agrave; cửa, văn ph&ograve;ng được nhiều người y&ecirc;u th&iacute;ch. Đồng thời, n&oacute; c&ograve;n mang nhiều &yacute; nghĩa tượng trưng v&agrave; l&agrave; m&oacute;n qu&agrave; &yacute; nghĩa m&agrave; mọi người d&agrave;nh tặng cho nhau.</p>\r\n\r\n<p>Sen đ&aacute; n&oacute;i chung c&oacute; sức sống m&atilde;nh liệt. V&igrave; vậy, n&oacute; tượng trưng cho một t&igrave;nh y&ecirc;u bền chặt; t&igrave;nh cảm gia đ&igrave;nh s&acirc;u đậm. Sen tai thỏ ngụ &yacute; cuộc sống d&ugrave; kh&oacute; khăn đến đ&acirc;u cũng c&oacute; thể vượt qua. N&oacute; giống như thể hiện &yacute; ch&iacute; của con người.</p>\r\n\r\n<p>Về mặt phong thủy, hoa đ&aacute; tai thỏ c&ograve;n tượng trưng cho sự may mắn, t&agrave;i lộc, thăng tiến, hạnh ph&uacute;c&hellip; n&ecirc;n rất th&iacute;ch hợp để trong nh&agrave; hoặc nơi l&agrave;m việc.</p>\r\n\r\n<p>Ch&iacute;nh v&igrave; &yacute; nghĩa n&agrave;y m&agrave; sen đ&aacute; trở th&agrave;nh m&oacute;n qu&agrave; hấp dẫn để d&agrave;nh tặng cho người th&acirc;n y&ecirc;u của m&igrave;nh. Đặc biệt, c&aacute;c bạn trẻ rất th&iacute;ch lo&agrave;i c&acirc;y n&agrave;y v&igrave; khi tặng cho người m&igrave;nh y&ecirc;u sẽ biểu đạt được t&igrave;nh cảm với đối phương.</p>\r\n\r\n<h2>C&aacute;ch trồng sen tai thỏ</h2>\r\n\r\n<p>Kỹ thuật trồng sen đ&aacute; tai thỏ kh&aacute; dễ, chăm s&oacute;c kh&ocirc;ng tốn nhiều thời gian m&agrave; lại khiến b&agrave;n l&agrave;m việc của trở n&ecirc;n ấn tượng.</p>\r\n\r\n<p>C&aacute;ch trồng c&acirc;y sen tai thỏ quả thực được rất nhiều người quan t&acirc;m v&agrave; &aacute;p dụng. C&acirc;y thường được trồng bằng hạt. N&ecirc;n chọn hạt giống sen tai thỏ cần đủ mọng, kh&ocirc;ng bị vỡ vụn; th&igrave; khả năng ươm hạt th&agrave;nh c&ocirc;ng sẽ rất cao.</p>\r\n\r\n<h2>C&aacute;ch chăm s&oacute;c c&acirc;y sen tai thỏ</h2>\r\n\r\n<p>Khi trồng v&agrave; chăm s&oacute;c sen đ&aacute; tai thỏ cần đặc biệt ch&uacute; &yacute; đến nhiệt độ m&ocirc;i trường v&agrave; đủ nước. Tốt nhất n&ecirc;n đặt chậu ở nơi r&acirc;m m&aacute;t, tho&aacute;ng gi&oacute;, kh&ocirc;ng kh&iacute; c&agrave;ng m&aacute;t c&agrave;ng tốt để c&acirc;y ph&aacute;t triển. Khi c&acirc;y trưởng th&agrave;nh, hai chiếc tai thỏ l&agrave; hai c&agrave;nh v&agrave; l&aacute; sẽ ph&aacute;t triển rất nhanh; ch&uacute;ng sẽ d&agrave;i ra v&agrave; chạm v&agrave;o nhau. Nếu c&acirc;y thiếu nước, hai c&agrave;nh v&agrave; l&aacute; của c&acirc;y sẽ rũ xuống; nhưng chỉ cần tưới nước, c&acirc;y sẽ tươi tốt trở lại, tr&ocirc;ng kh&aacute; ngộ nghĩnh.</p>\r\n', 30, 0, 30, 20, '0');

--
-- Chỉ mục cho các bảng đã đổ
--

--
-- Chỉ mục cho bảng `admin`
--
ALTER TABLE `admin`
  ADD PRIMARY KEY (`id`);

--
-- Chỉ mục cho bảng `banner`
--
ALTER TABLE `banner`
  ADD PRIMARY KEY (`id_banner`);

--
-- Chỉ mục cho bảng `cart`
--
ALTER TABLE `cart`
  ADD PRIMARY KEY (`cartId`),
  ADD KEY `cart_ibfk_ct` (`customerNumber`),
  ADD KEY `cart_ibfk_pd` (`productCode`);

--
-- Chỉ mục cho bảng `category`
--
ALTER TABLE `category`
  ADD PRIMARY KEY (`id_category`);

--
-- Chỉ mục cho bảng `contacts`
--
ALTER TABLE `contacts`
  ADD PRIMARY KEY (`contactId`);

--
-- Chỉ mục cho bảng `customerorders`
--
ALTER TABLE `customerorders`
  ADD PRIMARY KEY (`id_customerorder`),
  ADD KEY `ctod_ibfk_ct` (`customerNumber`);

--
-- Chỉ mục cho bảng `customers`
--
ALTER TABLE `customers`
  ADD PRIMARY KEY (`customerNumber`);

--
-- Chỉ mục cho bảng `employees`
--
ALTER TABLE `employees`
  ADD PRIMARY KEY (`employeeNumber`);

--
-- Chỉ mục cho bảng `newpost`
--
ALTER TABLE `newpost`
  ADD PRIMARY KEY (`id_post`),
  ADD KEY `post_idfk_category` (`id_category`);

--
-- Chỉ mục cho bảng `orderdetails`
--
ALTER TABLE `orderdetails`
  ADD PRIMARY KEY (`orderNumber`,`productCode`),
  ADD KEY `ordt_ibfk_pt` (`productCode`);

--
-- Chỉ mục cho bảng `orders`
--
ALTER TABLE `orders`
  ADD PRIMARY KEY (`orderNumber`),
  ADD KEY `od_idfk_ctod` (`id_customerorder`);

--
-- Chỉ mục cho bảng `productlines`
--
ALTER TABLE `productlines`
  ADD PRIMARY KEY (`productLineCode`);

--
-- Chỉ mục cho bảng `products`
--
ALTER TABLE `products`
  ADD PRIMARY KEY (`productCode`),
  ADD KEY `pr_prlncdfk_prdl` (`productLineCode`);

--
-- AUTO_INCREMENT cho các bảng đã đổ
--

--
-- AUTO_INCREMENT cho bảng `admin`
--
ALTER TABLE `admin`
  MODIFY `id` int(11) NOT NULL AUTO_INCREMENT, AUTO_INCREMENT=2;

--
-- AUTO_INCREMENT cho bảng `banner`
--
ALTER TABLE `banner`
  MODIFY `id_banner` int(11) NOT NULL AUTO_INCREMENT, AUTO_INCREMENT=55;

--
-- AUTO_INCREMENT cho bảng `cart`
--
ALTER TABLE `cart`
  MODIFY `cartId` int(11) NOT NULL AUTO_INCREMENT, AUTO_INCREMENT=119;

--
-- AUTO_INCREMENT cho bảng `category`
--
ALTER TABLE `category`
  MODIFY `id_category` int(11) NOT NULL AUTO_INCREMENT, AUTO_INCREMENT=40;

--
-- AUTO_INCREMENT cho bảng `contacts`
--
ALTER TABLE `contacts`
  MODIFY `contactId` int(11) NOT NULL AUTO_INCREMENT, AUTO_INCREMENT=3;

--
-- AUTO_INCREMENT cho bảng `customerorders`
--
ALTER TABLE `customerorders`
  MODIFY `id_customerorder` int(11) NOT NULL AUTO_INCREMENT, AUTO_INCREMENT=34;

--
-- AUTO_INCREMENT cho bảng `customers`
--
ALTER TABLE `customers`
  MODIFY `customerNumber` int(11) NOT NULL AUTO_INCREMENT, AUTO_INCREMENT=26;

--
-- AUTO_INCREMENT cho bảng `newpost`
--
ALTER TABLE `newpost`
  MODIFY `id_post` int(11) NOT NULL AUTO_INCREMENT, AUTO_INCREMENT=96;

--
-- AUTO_INCREMENT cho bảng `orders`
--
ALTER TABLE `orders`
  MODIFY `orderNumber` int(11) NOT NULL AUTO_INCREMENT, AUTO_INCREMENT=22;

--
-- AUTO_INCREMENT cho bảng `products`
--
ALTER TABLE `products`
  MODIFY `productCode` int(11) NOT NULL AUTO_INCREMENT, AUTO_INCREMENT=73;

--
-- Các ràng buộc cho các bảng đã đổ
--

--
-- Các ràng buộc cho bảng `cart`
--
ALTER TABLE `cart`
  ADD CONSTRAINT `cart_ibfk_ct` FOREIGN KEY (`customerNumber`) REFERENCES `customers` (`customerNumber`),
  ADD CONSTRAINT `cart_ibfk_pd` FOREIGN KEY (`productCode`) REFERENCES `products` (`productCode`);

--
-- Các ràng buộc cho bảng `customerorders`
--
ALTER TABLE `customerorders`
  ADD CONSTRAINT `ctod_ibfk_ct` FOREIGN KEY (`customerNumber`) REFERENCES `customers` (`customerNumber`);

--
-- Các ràng buộc cho bảng `newpost`
--
ALTER TABLE `newpost`
  ADD CONSTRAINT `post_idfk_category` FOREIGN KEY (`id_category`) REFERENCES `category` (`id_category`) ON UPDATE CASCADE;

--
-- Các ràng buộc cho bảng `orderdetails`
--
ALTER TABLE `orderdetails`
  ADD CONSTRAINT `oddt_idfk_od` FOREIGN KEY (`orderNumber`) REFERENCES `orders` (`orderNumber`),
  ADD CONSTRAINT `ordt_ibfk_pt` FOREIGN KEY (`productCode`) REFERENCES `products` (`productCode`);

--
-- Các ràng buộc cho bảng `orders`
--
ALTER TABLE `orders`
  ADD CONSTRAINT `od_idfk_ctod` FOREIGN KEY (`id_customerorder`) REFERENCES `customerorders` (`id_customerorder`);

--
-- Các ràng buộc cho bảng `products`
--
ALTER TABLE `products`
  ADD CONSTRAINT `pr_prlncdfk_prdl` FOREIGN KEY (`productLineCode`) REFERENCES `productlines` (`productLineCode`) ON UPDATE CASCADE;
COMMIT;

/*!40101 SET CHARACTER_SET_CLIENT=@OLD_CHARACTER_SET_CLIENT */;
/*!40101 SET CHARACTER_SET_RESULTS=@OLD_CHARACTER_SET_RESULTS */;
/*!40101 SET COLLATION_CONNECTION=@OLD_COLLATION_CONNECTION */;
